minute_of_day,mean_operational_demand_mw,year,season,season_dates,weekdays
0,5890.219692307693,2016,Summer,Dec 2015–Feb 2016,65
5,5886.431692307692,2016,Summer,Dec 2015–Feb 2016,65
10,5880.709846153846,2016,Summer,Dec 2015–Feb 2016,65
15,5842.822923076923,2016,Summer,Dec 2015–Feb 2016,65
20,5831.43723076923,2016,Summer,Dec 2015–Feb 2016,65
25,5791.538,2016,Summer,Dec 2015–Feb 2016,65
30,5744.244,2016,Summer,Dec 2015–Feb 2016,65
35,5736.925846153846,2016,Summer,Dec 2015–Feb 2016,65
40,5738.81723076923,2016,Summer,Dec 2015–Feb 2016,65
45,5716.497230769231,2016,Summer,Dec 2015–Feb 2016,65
50,5679.739076923077,2016,Summer,Dec 2015–Feb 2016,65
55,5640.462153846153,2016,Summer,Dec 2015–Feb 2016,65
60,5605.697384615385,2016,Summer,Dec 2015–Feb 2016,65
65,5600.621692307692,2016,Summer,Dec 2015–Feb 2016,65
70,5566.767384615385,2016,Summer,Dec 2015–Feb 2016,65
75,5555.9604615384615,2016,Summer,Dec 2015–Feb 2016,65
80,5527.034000000001,2016,Summer,Dec 2015–Feb 2016,65
85,5509.859846153847,2016,Summer,Dec 2015–Feb 2016,65
90,5505.155692307692,2016,Summer,Dec 2015–Feb 2016,65
95,5493.832615384616,2016,Summer,Dec 2015–Feb 2016,65
100,5471.368307692308,2016,Summer,Dec 2015–Feb 2016,65
105,5464.374461538462,2016,Summer,Dec 2015–Feb 2016,65
110,5447.850615384615,2016,Summer,Dec 2015–Feb 2016,65
115,5454.054923076923,2016,Summer,Dec 2015–Feb 2016,65
120,5440.347692307692,2016,Summer,Dec 2015–Feb 2016,65
125,5453.364461538462,2016,Summer,Dec 2015–Feb 2016,65
130,5441.0387692307695,2016,Summer,Dec 2015–Feb 2016,65
135,5434.434769230769,2016,Summer,Dec 2015–Feb 2016,65
140,5428.923076923077,2016,Summer,Dec 2015–Feb 2016,65
145,5425.667846153846,2016,Summer,Dec 2015–Feb 2016,65
150,5404.995076923077,2016,Summer,Dec 2015–Feb 2016,65
155,5415.898461538462,2016,Summer,Dec 2015–Feb 2016,65
160,5413.8632307692305,2016,Summer,Dec 2015–Feb 2016,65
165,5412.281384615384,2016,Summer,Dec 2015–Feb 2016,65
170,5415.625692307692,2016,Summer,Dec 2015–Feb 2016,65
175,5413.11723076923,2016,Summer,Dec 2015–Feb 2016,65
180,5391.14323076923,2016,Summer,Dec 2015–Feb 2016,65
185,5391.8123076923075,2016,Summer,Dec 2015–Feb 2016,65
190,5399.678923076923,2016,Summer,Dec 2015–Feb 2016,65
195,5399.530461538461,2016,Summer,Dec 2015–Feb 2016,65
200,5390.43,2016,Summer,Dec 2015–Feb 2016,65
205,5394.812153846154,2016,Summer,Dec 2015–Feb 2016,65
210,5376.426153846154,2016,Summer,Dec 2015–Feb 2016,65
215,5388.794153846154,2016,Summer,Dec 2015–Feb 2016,65
220,5374.649692307692,2016,Summer,Dec 2015–Feb 2016,65
225,5386.768153846154,2016,Summer,Dec 2015–Feb 2016,65
230,5387.819538461539,2016,Summer,Dec 2015–Feb 2016,65
235,5388.915538461539,2016,Summer,Dec 2015–Feb 2016,65
240,5395.868923076923,2016,Summer,Dec 2015–Feb 2016,65
245,5413.210769230769,2016,Summer,Dec 2015–Feb 2016,65
250,5418.817692307693,2016,Summer,Dec 2015–Feb 2016,65
255,5432.562615384615,2016,Summer,Dec 2015–Feb 2016,65
260,5442.267692307692,2016,Summer,Dec 2015–Feb 2016,65
265,5437.223230769231,2016,Summer,Dec 2015–Feb 2016,65
270,5442.110307692307,2016,Summer,Dec 2015–Feb 2016,65
275,5465.178,2016,Summer,Dec 2015–Feb 2016,65
280,5465.900615384615,2016,Summer,Dec 2015–Feb 2016,65
285,5472.387846153846,2016,Summer,Dec 2015–Feb 2016,65
290,5484.4353846153845,2016,Summer,Dec 2015–Feb 2016,65
295,5486.681538461538,2016,Summer,Dec 2015–Feb 2016,65
300,5505.2621538461535,2016,Summer,Dec 2015–Feb 2016,65
305,5543.172615384615,2016,Summer,Dec 2015–Feb 2016,65
310,5576.452307692308,2016,Summer,Dec 2015–Feb 2016,65
315,5593.372307692308,2016,Summer,Dec 2015–Feb 2016,65
320,5618.884923076924,2016,Summer,Dec 2015–Feb 2016,65
325,5622.203846153846,2016,Summer,Dec 2015–Feb 2016,65
330,5636.7049230769235,2016,Summer,Dec 2015–Feb 2016,65
335,5654.153538461538,2016,Summer,Dec 2015–Feb 2016,65
340,5665.226769230769,2016,Summer,Dec 2015–Feb 2016,65
345,5724.114,2016,Summer,Dec 2015–Feb 2016,65
350,5750.991384615385,2016,Summer,Dec 2015–Feb 2016,65
355,5782.548923076923,2016,Summer,Dec 2015–Feb 2016,65
360,5832.080615384615,2016,Summer,Dec 2015–Feb 2016,65
365,5888.636923076923,2016,Summer,Dec 2015–Feb 2016,65
370,5958.393538461539,2016,Summer,Dec 2015–Feb 2016,65
375,6028.258615384615,2016,Summer,Dec 2015–Feb 2016,65
380,6045.757384615385,2016,Summer,Dec 2015–Feb 2016,65
385,6086.294,2016,Summer,Dec 2015–Feb 2016,65
390,6129.832923076923,2016,Summer,Dec 2015–Feb 2016,65
395,6194.8938461538455,2016,Summer,Dec 2015–Feb 2016,65
400,6237.896769230769,2016,Summer,Dec 2015–Feb 2016,65
405,6282.099230769231,2016,Summer,Dec 2015–Feb 2016,65
410,6313.135692307693,2016,Summer,Dec 2015–Feb 2016,65
415,6348.451076923077,2016,Summer,Dec 2015–Feb 2016,65
420,6395.0896923076925,2016,Summer,Dec 2015–Feb 2016,65
425,6460.002461538461,2016,Summer,Dec 2015–Feb 2016,65
430,6549.5724615384615,2016,Summer,Dec 2015–Feb 2016,65
435,6564.271846153846,2016,Summer,Dec 2015–Feb 2016,65
440,6581.694153846154,2016,Summer,Dec 2015–Feb 2016,65
445,6595.340769230769,2016,Summer,Dec 2015–Feb 2016,65
450,6634.511230769231,2016,Summer,Dec 2015–Feb 2016,65
455,6626.885846153847,2016,Summer,Dec 2015–Feb 2016,65
460,6626.81323076923,2016,Summer,Dec 2015–Feb 2016,65
465,6649.341230769231,2016,Summer,Dec 2015–Feb 2016,65
470,6679.657384615384,2016,Summer,Dec 2015–Feb 2016,65
475,6682.675384615385,2016,Summer,Dec 2015–Feb 2016,65
480,6700.615846153846,2016,Summer,Dec 2015–Feb 2016,65
485,6717.736153846154,2016,Summer,Dec 2015–Feb 2016,65
490,6744.689230769231,2016,Summer,Dec 2015–Feb 2016,65
495,6770.233384615384,2016,Summer,Dec 2015–Feb 2016,65
500,6773.917538461538,2016,Summer,Dec 2015–Feb 2016,65
505,6782.252923076923,2016,Summer,Dec 2015–Feb 2016,65
510,6803.453076923077,2016,Summer,Dec 2015–Feb 2016,65
515,6795.692461538461,2016,Summer,Dec 2015–Feb 2016,65
520,6821.108615384615,2016,Summer,Dec 2015–Feb 2016,65
525,6830.673076923077,2016,Summer,Dec 2015–Feb 2016,65
530,6843.167076923077,2016,Summer,Dec 2015–Feb 2016,65
535,6851.51323076923,2016,Summer,Dec 2015–Feb 2016,65
540,6877.733846153847,2016,Summer,Dec 2015–Feb 2016,65
545,6868.393538461539,2016,Summer,Dec 2015–Feb 2016,65
550,6885.375692307692,2016,Summer,Dec 2015–Feb 2016,65
555,6899.7950769230765,2016,Summer,Dec 2015–Feb 2016,65
560,6898.831692307693,2016,Summer,Dec 2015–Feb 2016,65
565,6891.4432307692305,2016,Summer,Dec 2015–Feb 2016,65
570,6876.9275384615385,2016,Summer,Dec 2015–Feb 2016,65
575,6868.519692307692,2016,Summer,Dec 2015–Feb 2016,65
580,6882.252,2016,Summer,Dec 2015–Feb 2016,65
585,6895.026769230769,2016,Summer,Dec 2015–Feb 2016,65
590,6905.789846153846,2016,Summer,Dec 2015–Feb 2016,65
595,6893.796461538462,2016,Summer,Dec 2015–Feb 2016,65
600,6910.45,2016,Summer,Dec 2015–Feb 2016,65
605,6907.116923076923,2016,Summer,Dec 2015–Feb 2016,65
610,6904.783076923078,2016,Summer,Dec 2015–Feb 2016,65
615,6921.263384615385,2016,Summer,Dec 2015–Feb 2016,65
620,6924.540307692308,2016,Summer,Dec 2015–Feb 2016,65
625,6921.881538461538,2016,Summer,Dec 2015–Feb 2016,65
630,6930.303076923077,2016,Summer,Dec 2015–Feb 2016,65
635,6943.059692307693,2016,Summer,Dec 2015–Feb 2016,65
640,6962.468,2016,Summer,Dec 2015–Feb 2016,65
645,6981.6861538461535,2016,Summer,Dec 2015–Feb 2016,65
650,6995.296153846154,2016,Summer,Dec 2015–Feb 2016,65
655,6986.601538461538,2016,Summer,Dec 2015–Feb 2016,65
660,6975.993076923077,2016,Summer,Dec 2015–Feb 2016,65
665,6974.759538461539,2016,Summer,Dec 2015–Feb 2016,65
670,6969.476923076923,2016,Summer,Dec 2015–Feb 2016,65
675,6976.209846153846,2016,Summer,Dec 2015–Feb 2016,65
680,6995.883692307692,2016,Summer,Dec 2015–Feb 2016,65
685,6994.377538461538,2016,Summer,Dec 2015–Feb 2016,65
690,7006.857538461539,2016,Summer,Dec 2015–Feb 2016,65
695,7016.699384615385,2016,Summer,Dec 2015–Feb 2016,65
700,7026.78,2016,Summer,Dec 2015–Feb 2016,65
705,7050.9870769230765,2016,Summer,Dec 2015–Feb 2016,65
710,7062.933846153846,2016,Summer,Dec 2015–Feb 2016,65
715,7057.937999999999,2016,Summer,Dec 2015–Feb 2016,65
720,7061.560307692307,2016,Summer,Dec 2015–Feb 2016,65
725,7068.234923076923,2016,Summer,Dec 2015–Feb 2016,65
730,7071.987384615384,2016,Summer,Dec 2015–Feb 2016,65
735,7090.559692307693,2016,Summer,Dec 2015–Feb 2016,65
740,7105.987538461539,2016,Summer,Dec 2015–Feb 2016,65
745,7094.258923076924,2016,Summer,Dec 2015–Feb 2016,65
750,7104.148769230769,2016,Summer,Dec 2015–Feb 2016,65
755,7119.072615384616,2016,Summer,Dec 2015–Feb 2016,65
760,7130.0623076923075,2016,Summer,Dec 2015–Feb 2016,65
765,7147.903846153846,2016,Summer,Dec 2015–Feb 2016,65
770,7163.1932307692305,2016,Summer,Dec 2015–Feb 2016,65
775,7156.638923076924,2016,Summer,Dec 2015–Feb 2016,65
780,7172.387846153846,2016,Summer,Dec 2015–Feb 2016,65
785,7176.047538461539,2016,Summer,Dec 2015–Feb 2016,65
790,7197.688923076923,2016,Summer,Dec 2015–Feb 2016,65
795,7220.872461538462,2016,Summer,Dec 2015–Feb 2016,65
800,7231.692461538461,2016,Summer,Dec 2015–Feb 2016,65
805,7233.805076923077,2016,Summer,Dec 2015–Feb 2016,65
810,7236.237076923077,2016,Summer,Dec 2015–Feb 2016,65
815,7251.774615384615,2016,Summer,Dec 2015–Feb 2016,65
820,7263.674153846154,2016,Summer,Dec 2015–Feb 2016,65
825,7287.994,2016,Summer,Dec 2015–Feb 2016,65
830,7300.679692307692,2016,Summer,Dec 2015–Feb 2016,65
835,7306.13276923077,2016,Summer,Dec 2015–Feb 2016,65
840,7313.735692307692,2016,Summer,Dec 2015–Feb 2016,65
845,7322.035692307692,2016,Summer,Dec 2015–Feb 2016,65
850,7341.515692307693,2016,Summer,Dec 2015–Feb 2016,65
855,7368.424461538462,2016,Summer,Dec 2015–Feb 2016,65
860,7372.875230769231,2016,Summer,Dec 2015–Feb 2016,65
865,7364.343538461539,2016,Summer,Dec 2015–Feb 2016,65
870,7374.165692307693,2016,Summer,Dec 2015–Feb 2016,65
875,7385.2330769230775,2016,Summer,Dec 2015–Feb 2016,65
880,7391.258000000001,2016,Summer,Dec 2015–Feb 2016,65
885,7414.1861538461535,2016,Summer,Dec 2015–Feb 2016,65
890,7420.664923076923,2016,Summer,Dec 2015–Feb 2016,65
895,7425.805384615384,2016,Summer,Dec 2015–Feb 2016,65
900,7447.972307692308,2016,Summer,Dec 2015–Feb 2016,65
905,7432.44076923077,2016,Summer,Dec 2015–Feb 2016,65
910,7430.345846153846,2016,Summer,Dec 2015–Feb 2016,65
915,7457.217384615385,2016,Summer,Dec 2015–Feb 2016,65
920,7467.241846153846,2016,Summer,Dec 2015–Feb 2016,65
925,7466.344769230769,2016,Summer,Dec 2015–Feb 2016,65
930,7500.501538461538,2016,Summer,Dec 2015–Feb 2016,65
935,7494.410153846155,2016,Summer,Dec 2015–Feb 2016,65
940,7523.911692307693,2016,Summer,Dec 2015–Feb 2016,65
945,7543.500461538462,2016,Summer,Dec 2015–Feb 2016,65
950,7554.819076923077,2016,Summer,Dec 2015–Feb 2016,65
955,7550.084461538461,2016,Summer,Dec 2015–Feb 2016,65
960,7556.558615384615,2016,Summer,Dec 2015–Feb 2016,65
965,7550.766615384616,2016,Summer,Dec 2015–Feb 2016,65
970,7580.349076923077,2016,Summer,Dec 2015–Feb 2016,65
975,7603.2535384615385,2016,Summer,Dec 2015–Feb 2016,65
980,7619.018769230769,2016,Summer,Dec 2015–Feb 2016,65
985,7620.382923076923,2016,Summer,Dec 2015–Feb 2016,65
990,7640.681230769231,2016,Summer,Dec 2015–Feb 2016,65
995,7638.567538461539,2016,Summer,Dec 2015–Feb 2016,65
1000,7657.138461538461,2016,Summer,Dec 2015–Feb 2016,65
1005,7692.045230769231,2016,Summer,Dec 2015–Feb 2016,65
1010,7685.713846153846,2016,Summer,Dec 2015–Feb 2016,65
1015,7701.396615384615,2016,Summer,Dec 2015–Feb 2016,65
1020,7694.49123076923,2016,Summer,Dec 2015–Feb 2016,65
1025,7670.185076923078,2016,Summer,Dec 2015–Feb 2016,65
1030,7665.310461538462,2016,Summer,Dec 2015–Feb 2016,65
1035,7680.683692307693,2016,Summer,Dec 2015–Feb 2016,65
1040,7634.770923076923,2016,Summer,Dec 2015–Feb 2016,65
1045,7622.920769230769,2016,Summer,Dec 2015–Feb 2016,65
1050,7592.162,2016,Summer,Dec 2015–Feb 2016,65
1055,7574.771076923077,2016,Summer,Dec 2015–Feb 2016,65
1060,7566.140153846153,2016,Summer,Dec 2015–Feb 2016,65
1065,7566.243692307693,2016,Summer,Dec 2015–Feb 2016,65
1070,7550.665076923076,2016,Summer,Dec 2015–Feb 2016,65
1075,7554.662307692308,2016,Summer,Dec 2015–Feb 2016,65
1080,7520.678769230769,2016,Summer,Dec 2015–Feb 2016,65
1085,7492.822615384615,2016,Summer,Dec 2015–Feb 2016,65
1090,7473.954615384615,2016,Summer,Dec 2015–Feb 2016,65
1095,7484.821384615385,2016,Summer,Dec 2015–Feb 2016,65
1100,7479.640461538462,2016,Summer,Dec 2015–Feb 2016,65
1105,7474.121384615385,2016,Summer,Dec 2015–Feb 2016,65
1110,7483.058615384615,2016,Summer,Dec 2015–Feb 2016,65
1115,7496.487538461539,2016,Summer,Dec 2015–Feb 2016,65
1120,7577.536923076924,2016,Summer,Dec 2015–Feb 2016,65
1125,7596.007384615385,2016,Summer,Dec 2015–Feb 2016,65
1130,7621.45,2016,Summer,Dec 2015–Feb 2016,65
1135,7595.145538461539,2016,Summer,Dec 2015–Feb 2016,65
1140,7590.989538461538,2016,Summer,Dec 2015–Feb 2016,65
1145,7602.791846153846,2016,Summer,Dec 2015–Feb 2016,65
1150,7646.518615384615,2016,Summer,Dec 2015–Feb 2016,65
1155,7643.411384615384,2016,Summer,Dec 2015–Feb 2016,65
1160,7610.895692307692,2016,Summer,Dec 2015–Feb 2016,65
1165,7570.402153846154,2016,Summer,Dec 2015–Feb 2016,65
1170,7524.637846153846,2016,Summer,Dec 2015–Feb 2016,65
1175,7531.334000000001,2016,Summer,Dec 2015–Feb 2016,65
1180,7565.551230769231,2016,Summer,Dec 2015–Feb 2016,65
1185,7556.652153846154,2016,Summer,Dec 2015–Feb 2016,65
1190,7552.992461538462,2016,Summer,Dec 2015–Feb 2016,65
1195,7563.751692307692,2016,Summer,Dec 2015–Feb 2016,65
1200,7511.313999999999,2016,Summer,Dec 2015–Feb 2016,65
1205,7510.797076923077,2016,Summer,Dec 2015–Feb 2016,65
1210,7494.631384615384,2016,Summer,Dec 2015–Feb 2016,65
1215,7465.7190769230765,2016,Summer,Dec 2015–Feb 2016,65
1220,7419.978615384615,2016,Summer,Dec 2015–Feb 2016,65
1225,7384.429538461538,2016,Summer,Dec 2015–Feb 2016,65
1230,7351.415846153846,2016,Summer,Dec 2015–Feb 2016,65
1235,7307.596153846154,2016,Summer,Dec 2015–Feb 2016,65
1240,7282.615692307692,2016,Summer,Dec 2015–Feb 2016,65
1245,7249.288153846153,2016,Summer,Dec 2015–Feb 2016,65
1250,7218.791538461539,2016,Summer,Dec 2015–Feb 2016,65
1255,7172.639692307693,2016,Summer,Dec 2015–Feb 2016,65
1260,7121.875230769231,2016,Summer,Dec 2015–Feb 2016,65
1265,7083.423230769231,2016,Summer,Dec 2015–Feb 2016,65
1270,7080.94276923077,2016,Summer,Dec 2015–Feb 2016,65
1275,7084.983538461538,2016,Summer,Dec 2015–Feb 2016,65
1280,7057.681846153846,2016,Summer,Dec 2015–Feb 2016,65
1285,7001.446,2016,Summer,Dec 2015–Feb 2016,65
1290,6954.794153846154,2016,Summer,Dec 2015–Feb 2016,65
1295,6924.615538461539,2016,Summer,Dec 2015–Feb 2016,65
1300,6909.33523076923,2016,Summer,Dec 2015–Feb 2016,65
1305,6854.6195384615385,2016,Summer,Dec 2015–Feb 2016,65
1310,6822.673538461538,2016,Summer,Dec 2015–Feb 2016,65
1315,6766.943538461539,2016,Summer,Dec 2015–Feb 2016,65
1320,6702.601846153846,2016,Summer,Dec 2015–Feb 2016,65
1325,6742.242923076923,2016,Summer,Dec 2015–Feb 2016,65
1330,6699.724923076923,2016,Summer,Dec 2015–Feb 2016,65
1335,6648.395692307693,2016,Summer,Dec 2015–Feb 2016,65
1340,6608.710153846154,2016,Summer,Dec 2015–Feb 2016,65
1345,6589.449230769231,2016,Summer,Dec 2015–Feb 2016,65
1350,6611.269076923077,2016,Summer,Dec 2015–Feb 2016,65
1355,6629.224153846154,2016,Summer,Dec 2015–Feb 2016,65
1360,6607.115538461539,2016,Summer,Dec 2015–Feb 2016,65
1365,6555.332153846154,2016,Summer,Dec 2015–Feb 2016,65
1370,6510.612769230769,2016,Summer,Dec 2015–Feb 2016,65
1375,6440.01676923077,2016,Summer,Dec 2015–Feb 2016,65
1380,6378.216615384616,2016,Summer,Dec 2015–Feb 2016,65
1385,6398.0113846153845,2016,Summer,Dec 2015–Feb 2016,65
1390,6416.807076923077,2016,Summer,Dec 2015–Feb 2016,65
1395,6387.518307692308,2016,Summer,Dec 2015–Feb 2016,65
1400,6344.088615384616,2016,Summer,Dec 2015–Feb 2016,65
1405,6270.505384615384,2016,Summer,Dec 2015–Feb 2016,65
1410,6215.173384615385,2016,Summer,Dec 2015–Feb 2016,65
1415,6178.23323076923,2016,Summer,Dec 2015–Feb 2016,65
1420,6149.2629230769235,2016,Summer,Dec 2015–Feb 2016,65
1425,6092.615384615385,2016,Summer,Dec 2015–Feb 2016,65
1430,6036.732461538461,2016,Summer,Dec 2015–Feb 2016,65
1435,6000.101846153846,2016,Summer,Dec 2015–Feb 2016,65
0,5752.320303030303,2016,Winter,Jun–Aug 2016,66
5,5744.570151515151,2016,Winter,Jun–Aug 2016,66
10,5732.727272727273,2016,Winter,Jun–Aug 2016,66
15,5710.853787878787,2016,Winter,Jun–Aug 2016,66
20,5682.048939393939,2016,Winter,Jun–Aug 2016,66
25,5655.440303030303,2016,Winter,Jun–Aug 2016,66
30,5612.51090909091,2016,Winter,Jun–Aug 2016,66
35,5603.461818181818,2016,Winter,Jun–Aug 2016,66
40,5587.700303030302,2016,Winter,Jun–Aug 2016,66
45,5565.82106060606,2016,Winter,Jun–Aug 2016,66
50,5523.051818181818,2016,Winter,Jun–Aug 2016,66
55,5490.51696969697,2016,Winter,Jun–Aug 2016,66
60,5441.233484848484,2016,Winter,Jun–Aug 2016,66
65,5419.527424242424,2016,Winter,Jun–Aug 2016,66
70,5401.511515151516,2016,Winter,Jun–Aug 2016,66
75,5367.288636363636,2016,Winter,Jun–Aug 2016,66
80,5343.011818181819,2016,Winter,Jun–Aug 2016,66
85,5312.4977272727265,2016,Winter,Jun–Aug 2016,66
90,5296.552424242424,2016,Winter,Jun–Aug 2016,66
95,5287.864393939394,2016,Winter,Jun–Aug 2016,66
100,5267.895151515152,2016,Winter,Jun–Aug 2016,66
105,5242.563484848485,2016,Winter,Jun–Aug 2016,66
110,5226.3777272727275,2016,Winter,Jun–Aug 2016,66
115,5214.730909090909,2016,Winter,Jun–Aug 2016,66
120,5205.478787878787,2016,Winter,Jun–Aug 2016,66
125,5200.985303030304,2016,Winter,Jun–Aug 2016,66
130,5181.116515151515,2016,Winter,Jun–Aug 2016,66
135,5182.876212121212,2016,Winter,Jun–Aug 2016,66
140,5161.698636363636,2016,Winter,Jun–Aug 2016,66
145,5157.506818181819,2016,Winter,Jun–Aug 2016,66
150,5130.262121212121,2016,Winter,Jun–Aug 2016,66
155,5147.6542424242425,2016,Winter,Jun–Aug 2016,66
160,5132.776515151515,2016,Winter,Jun–Aug 2016,66
165,5126.016212121212,2016,Winter,Jun–Aug 2016,66
170,5123.951515151515,2016,Winter,Jun–Aug 2016,66
175,5125.350454545454,2016,Winter,Jun–Aug 2016,66
180,5108.605909090909,2016,Winter,Jun–Aug 2016,66
185,5109.979696969696,2016,Winter,Jun–Aug 2016,66
190,5116.7818181818175,2016,Winter,Jun–Aug 2016,66
195,5120.095454545454,2016,Winter,Jun–Aug 2016,66
200,5116.085303030303,2016,Winter,Jun–Aug 2016,66
205,5126.1909090909085,2016,Winter,Jun–Aug 2016,66
210,5107.859545454545,2016,Winter,Jun–Aug 2016,66
215,5121.435454545454,2016,Winter,Jun–Aug 2016,66
220,5111.0065151515155,2016,Winter,Jun–Aug 2016,66
225,5116.946363636364,2016,Winter,Jun–Aug 2016,66
230,5125.974696969697,2016,Winter,Jun–Aug 2016,66
235,5124.458484848485,2016,Winter,Jun–Aug 2016,66
240,5141.760303030303,2016,Winter,Jun–Aug 2016,66
245,5157.070454545455,2016,Winter,Jun–Aug 2016,66
250,5178.817575757576,2016,Winter,Jun–Aug 2016,66
255,5191.378181818182,2016,Winter,Jun–Aug 2016,66
260,5213.020606060606,2016,Winter,Jun–Aug 2016,66
265,5216.9366666666665,2016,Winter,Jun–Aug 2016,66
270,5234.430909090909,2016,Winter,Jun–Aug 2016,66
275,5249.964696969697,2016,Winter,Jun–Aug 2016,66
280,5270.2553030303025,2016,Winter,Jun–Aug 2016,66
285,5278.563484848485,2016,Winter,Jun–Aug 2016,66
290,5312.375606060606,2016,Winter,Jun–Aug 2016,66
295,5343.453484848485,2016,Winter,Jun–Aug 2016,66
300,5377.346818181818,2016,Winter,Jun–Aug 2016,66
305,5437.451515151515,2016,Winter,Jun–Aug 2016,66
310,5492.900909090909,2016,Winter,Jun–Aug 2016,66
315,5528.261212121212,2016,Winter,Jun–Aug 2016,66
320,5563.086666666666,2016,Winter,Jun–Aug 2016,66
325,5580.428787878787,2016,Winter,Jun–Aug 2016,66
330,5619.075,2016,Winter,Jun–Aug 2016,66
335,5657.011363636364,2016,Winter,Jun–Aug 2016,66
340,5686.627575757576,2016,Winter,Jun–Aug 2016,66
345,5761.1428787878785,2016,Winter,Jun–Aug 2016,66
350,5813.24,2016,Winter,Jun–Aug 2016,66
355,5869.396818181818,2016,Winter,Jun–Aug 2016,66
360,5953.073333333334,2016,Winter,Jun–Aug 2016,66
365,6008.704696969697,2016,Winter,Jun–Aug 2016,66
370,6098.088333333333,2016,Winter,Jun–Aug 2016,66
375,6185.6845454545455,2016,Winter,Jun–Aug 2016,66
380,6226.722878787879,2016,Winter,Jun–Aug 2016,66
385,6278.649393939394,2016,Winter,Jun–Aug 2016,66
390,6351.841212121212,2016,Winter,Jun–Aug 2016,66
395,6419.304848484849,2016,Winter,Jun–Aug 2016,66
400,6489.917878787879,2016,Winter,Jun–Aug 2016,66
405,6541.88196969697,2016,Winter,Jun–Aug 2016,66
410,6578.693484848485,2016,Winter,Jun–Aug 2016,66
415,6635.942727272727,2016,Winter,Jun–Aug 2016,66
420,6694.840909090909,2016,Winter,Jun–Aug 2016,66
425,6780.759545454545,2016,Winter,Jun–Aug 2016,66
430,6866.254696969697,2016,Winter,Jun–Aug 2016,66
435,6893.211515151515,2016,Winter,Jun–Aug 2016,66
440,6895.19696969697,2016,Winter,Jun–Aug 2016,66
445,6905.621818181818,2016,Winter,Jun–Aug 2016,66
450,6945.980606060606,2016,Winter,Jun–Aug 2016,66
455,6923.280303030303,2016,Winter,Jun–Aug 2016,66
460,6887.426515151516,2016,Winter,Jun–Aug 2016,66
465,6879.499545454545,2016,Winter,Jun–Aug 2016,66
470,6877.179545454545,2016,Winter,Jun–Aug 2016,66
475,6847.756212121211,2016,Winter,Jun–Aug 2016,66
480,6837.1336363636365,2016,Winter,Jun–Aug 2016,66
485,6786.461515151515,2016,Winter,Jun–Aug 2016,66
490,6788.392727272727,2016,Winter,Jun–Aug 2016,66
495,6768.024848484849,2016,Winter,Jun–Aug 2016,66
500,6730.996212121212,2016,Winter,Jun–Aug 2016,66
505,6699.742121212121,2016,Winter,Jun–Aug 2016,66
510,6687.633333333333,2016,Winter,Jun–Aug 2016,66
515,6628.686818181818,2016,Winter,Jun–Aug 2016,66
520,6622.584696969698,2016,Winter,Jun–Aug 2016,66
525,6614.614848484849,2016,Winter,Jun–Aug 2016,66
530,6601.09393939394,2016,Winter,Jun–Aug 2016,66
535,6568.04803030303,2016,Winter,Jun–Aug 2016,66
540,6557.022424242424,2016,Winter,Jun–Aug 2016,66
545,6534.873787878788,2016,Winter,Jun–Aug 2016,66
550,6505.229545454546,2016,Winter,Jun–Aug 2016,66
555,6506.1466666666665,2016,Winter,Jun–Aug 2016,66
560,6474.687272727272,2016,Winter,Jun–Aug 2016,66
565,6427.64803030303,2016,Winter,Jun–Aug 2016,66
570,6391.701363636364,2016,Winter,Jun–Aug 2016,66
575,6381.433636363637,2016,Winter,Jun–Aug 2016,66
580,6356.042424242424,2016,Winter,Jun–Aug 2016,66
585,6344.190151515151,2016,Winter,Jun–Aug 2016,66
590,6328.799545454545,2016,Winter,Jun–Aug 2016,66
595,6292.948181818182,2016,Winter,Jun–Aug 2016,66
600,6289.568484848485,2016,Winter,Jun–Aug 2016,66
605,6274.414696969697,2016,Winter,Jun–Aug 2016,66
610,6254.402272727272,2016,Winter,Jun–Aug 2016,66
615,6252.207878787879,2016,Winter,Jun–Aug 2016,66
620,6234.467575757575,2016,Winter,Jun–Aug 2016,66
625,6207.877121212121,2016,Winter,Jun–Aug 2016,66
630,6204.159242424243,2016,Winter,Jun–Aug 2016,66
635,6192.711666666666,2016,Winter,Jun–Aug 2016,66
640,6203.150303030303,2016,Winter,Jun–Aug 2016,66
645,6200.527424242424,2016,Winter,Jun–Aug 2016,66
650,6184.559393939394,2016,Winter,Jun–Aug 2016,66
655,6168.596515151515,2016,Winter,Jun–Aug 2016,66
660,6149.72303030303,2016,Winter,Jun–Aug 2016,66
665,6153.10696969697,2016,Winter,Jun–Aug 2016,66
670,6138.031515151515,2016,Winter,Jun–Aug 2016,66
675,6133.354545454546,2016,Winter,Jun–Aug 2016,66
680,6122.5659090909085,2016,Winter,Jun–Aug 2016,66
685,6096.669848484848,2016,Winter,Jun–Aug 2016,66
690,6103.48196969697,2016,Winter,Jun–Aug 2016,66
695,6102.88409090909,2016,Winter,Jun–Aug 2016,66
700,6103.893333333333,2016,Winter,Jun–Aug 2016,66
705,6111.182575757575,2016,Winter,Jun–Aug 2016,66
710,6107.125151515152,2016,Winter,Jun–Aug 2016,66
715,6088.106212121213,2016,Winter,Jun–Aug 2016,66
720,6088.144545454546,2016,Winter,Jun–Aug 2016,66
725,6089.4307575757575,2016,Winter,Jun–Aug 2016,66
730,6082.7754545454545,2016,Winter,Jun–Aug 2016,66
735,6090.685,2016,Winter,Jun–Aug 2016,66
740,6085.015454545455,2016,Winter,Jun–Aug 2016,66
745,6068.284696969697,2016,Winter,Jun–Aug 2016,66
750,6067.360757575758,2016,Winter,Jun–Aug 2016,66
755,6070.135303030303,2016,Winter,Jun–Aug 2016,66
760,6073.093030303031,2016,Winter,Jun–Aug 2016,66
765,6082.913636363636,2016,Winter,Jun–Aug 2016,66
770,6093.232272727273,2016,Winter,Jun–Aug 2016,66
775,6076.612727272727,2016,Winter,Jun–Aug 2016,66
780,6086.132121212122,2016,Winter,Jun–Aug 2016,66
785,6082.295606060607,2016,Winter,Jun–Aug 2016,66
790,6095.027727272727,2016,Winter,Jun–Aug 2016,66
795,6107.187272727272,2016,Winter,Jun–Aug 2016,66
800,6107.460757575758,2016,Winter,Jun–Aug 2016,66
805,6100.655606060606,2016,Winter,Jun–Aug 2016,66
810,6097.946363636364,2016,Winter,Jun–Aug 2016,66
815,6115.554090909091,2016,Winter,Jun–Aug 2016,66
820,6113.751818181818,2016,Winter,Jun–Aug 2016,66
825,6136.992878787879,2016,Winter,Jun–Aug 2016,66
830,6139.869393939394,2016,Winter,Jun–Aug 2016,66
835,6133.29,2016,Winter,Jun–Aug 2016,66
840,6155.568181818182,2016,Winter,Jun–Aug 2016,66
845,6156.627575757576,2016,Winter,Jun–Aug 2016,66
850,6169.373787878788,2016,Winter,Jun–Aug 2016,66
855,6182.052727272727,2016,Winter,Jun–Aug 2016,66
860,6191.804848484849,2016,Winter,Jun–Aug 2016,66
865,6184.2515151515145,2016,Winter,Jun–Aug 2016,66
870,6195.189090909091,2016,Winter,Jun–Aug 2016,66
875,6193.992727272727,2016,Winter,Jun–Aug 2016,66
880,6205.128333333333,2016,Winter,Jun–Aug 2016,66
885,6220.722575757576,2016,Winter,Jun–Aug 2016,66
890,6230.602575757576,2016,Winter,Jun–Aug 2016,66
895,6235.877878787879,2016,Winter,Jun–Aug 2016,66
900,6234.855606060606,2016,Winter,Jun–Aug 2016,66
905,6244.42303030303,2016,Winter,Jun–Aug 2016,66
910,6253.244545454546,2016,Winter,Jun–Aug 2016,66
915,6279.056515151515,2016,Winter,Jun–Aug 2016,66
920,6293.246969696969,2016,Winter,Jun–Aug 2016,66
925,6312.251969696969,2016,Winter,Jun–Aug 2016,66
930,6333.635909090909,2016,Winter,Jun–Aug 2016,66
935,6349.898484848484,2016,Winter,Jun–Aug 2016,66
940,6383.362424242424,2016,Winter,Jun–Aug 2016,66
945,6406.680909090909,2016,Winter,Jun–Aug 2016,66
950,6435.949545454545,2016,Winter,Jun–Aug 2016,66
955,6449.59,2016,Winter,Jun–Aug 2016,66
960,6483.835151515152,2016,Winter,Jun–Aug 2016,66
965,6511.272121212121,2016,Winter,Jun–Aug 2016,66
970,6533.640151515152,2016,Winter,Jun–Aug 2016,66
975,6570.2169696969695,2016,Winter,Jun–Aug 2016,66
980,6606.572121212122,2016,Winter,Jun–Aug 2016,66
985,6632.094242424243,2016,Winter,Jun–Aug 2016,66
990,6683.965,2016,Winter,Jun–Aug 2016,66
995,6718.88393939394,2016,Winter,Jun–Aug 2016,66
1000,6760.549242424242,2016,Winter,Jun–Aug 2016,66
1005,6818.964696969697,2016,Winter,Jun–Aug 2016,66
1010,6849.587727272727,2016,Winter,Jun–Aug 2016,66
1015,6890.367878787878,2016,Winter,Jun–Aug 2016,66
1020,6928.81606060606,2016,Winter,Jun–Aug 2016,66
1025,6963.33090909091,2016,Winter,Jun–Aug 2016,66
1030,7031.418484848485,2016,Winter,Jun–Aug 2016,66
1035,7068.122424242424,2016,Winter,Jun–Aug 2016,66
1040,7057.118636363637,2016,Winter,Jun–Aug 2016,66
1045,7098.05303030303,2016,Winter,Jun–Aug 2016,66
1050,7108.440151515151,2016,Winter,Jun–Aug 2016,66
1055,7158.203787878788,2016,Winter,Jun–Aug 2016,66
1060,7169.285909090909,2016,Winter,Jun–Aug 2016,66
1065,7205.1883333333335,2016,Winter,Jun–Aug 2016,66
1070,7212.202878787879,2016,Winter,Jun–Aug 2016,66
1075,7235.588484848486,2016,Winter,Jun–Aug 2016,66
1080,7210.115454545455,2016,Winter,Jun–Aug 2016,66
1085,7218.440303030303,2016,Winter,Jun–Aug 2016,66
1090,7216.882878787879,2016,Winter,Jun–Aug 2016,66
1095,7252.800454545455,2016,Winter,Jun–Aug 2016,66
1100,7241.494545454546,2016,Winter,Jun–Aug 2016,66
1105,7238.976212121212,2016,Winter,Jun–Aug 2016,66
1110,7231.032272727272,2016,Winter,Jun–Aug 2016,66
1115,7230.92303030303,2016,Winter,Jun–Aug 2016,66
1120,7304.633484848485,2016,Winter,Jun–Aug 2016,66
1125,7294.5275757575755,2016,Winter,Jun–Aug 2016,66
1130,7286.749242424243,2016,Winter,Jun–Aug 2016,66
1135,7231.716818181818,2016,Winter,Jun–Aug 2016,66
1140,7194.87,2016,Winter,Jun–Aug 2016,66
1145,7187.612424242424,2016,Winter,Jun–Aug 2016,66
1150,7196.897121212121,2016,Winter,Jun–Aug 2016,66
1155,7190.383787878788,2016,Winter,Jun–Aug 2016,66
1160,7146.706212121212,2016,Winter,Jun–Aug 2016,66
1165,7108.349242424242,2016,Winter,Jun–Aug 2016,66
1170,7062.796363636364,2016,Winter,Jun–Aug 2016,66
1175,7058.854090909091,2016,Winter,Jun–Aug 2016,66
1180,7105.405606060606,2016,Winter,Jun–Aug 2016,66
1185,7079.626666666666,2016,Winter,Jun–Aug 2016,66
1190,7105.962727272727,2016,Winter,Jun–Aug 2016,66
1195,7129.446515151515,2016,Winter,Jun–Aug 2016,66
1200,7084.173181818182,2016,Winter,Jun–Aug 2016,66
1205,7117.032272727272,2016,Winter,Jun–Aug 2016,66
1210,7110.507727272728,2016,Winter,Jun–Aug 2016,66
1215,7073.986515151515,2016,Winter,Jun–Aug 2016,66
1220,7022.062727272728,2016,Winter,Jun–Aug 2016,66
1225,7016.930303030304,2016,Winter,Jun–Aug 2016,66
1230,6989.44696969697,2016,Winter,Jun–Aug 2016,66
1235,6942.142727272727,2016,Winter,Jun–Aug 2016,66
1240,6917.386818181819,2016,Winter,Jun–Aug 2016,66
1245,6911.484848484848,2016,Winter,Jun–Aug 2016,66
1250,6901.871969696969,2016,Winter,Jun–Aug 2016,66
1255,6851.596363636363,2016,Winter,Jun–Aug 2016,66
1260,6800.7825757575765,2016,Winter,Jun–Aug 2016,66
1265,6766.747424242424,2016,Winter,Jun–Aug 2016,66
1270,6779.482575757575,2016,Winter,Jun–Aug 2016,66
1275,6778.806515151515,2016,Winter,Jun–Aug 2016,66
1280,6741.185606060606,2016,Winter,Jun–Aug 2016,66
1285,6694.3836363636365,2016,Winter,Jun–Aug 2016,66
1290,6639.366818181818,2016,Winter,Jun–Aug 2016,66
1295,6611.430909090909,2016,Winter,Jun–Aug 2016,66
1300,6634.135303030303,2016,Winter,Jun–Aug 2016,66
1305,6604.503484848485,2016,Winter,Jun–Aug 2016,66
1310,6562.845,2016,Winter,Jun–Aug 2016,66
1315,6521.971666666666,2016,Winter,Jun–Aug 2016,66
1320,6449.658787878788,2016,Winter,Jun–Aug 2016,66
1325,6480.376666666666,2016,Winter,Jun–Aug 2016,66
1330,6459.803333333333,2016,Winter,Jun–Aug 2016,66
1335,6404.907727272727,2016,Winter,Jun–Aug 2016,66
1340,6390.462878787878,2016,Winter,Jun–Aug 2016,66
1345,6377.112727272727,2016,Winter,Jun–Aug 2016,66
1350,6380.29590909091,2016,Winter,Jun–Aug 2016,66
1355,6413.230303030303,2016,Winter,Jun–Aug 2016,66
1360,6410.28,2016,Winter,Jun–Aug 2016,66
1365,6367.4989393939395,2016,Winter,Jun–Aug 2016,66
1370,6333.352727272728,2016,Winter,Jun–Aug 2016,66
1375,6269.819696969696,2016,Winter,Jun–Aug 2016,66
1380,6205.510606060606,2016,Winter,Jun–Aug 2016,66
1385,6221.582121212121,2016,Winter,Jun–Aug 2016,66
1390,6252.728484848485,2016,Winter,Jun–Aug 2016,66
1395,6214.923787878788,2016,Winter,Jun–Aug 2016,66
1400,6174.124545454546,2016,Winter,Jun–Aug 2016,66
1405,6097.913333333334,2016,Winter,Jun–Aug 2016,66
1410,6068.119090909091,2016,Winter,Jun–Aug 2016,66
1415,6028.065757575758,2016,Winter,Jun–Aug 2016,66
1420,5994.839696969697,2016,Winter,Jun–Aug 2016,66
1425,5942.986515151515,2016,Winter,Jun–Aug 2016,66
1430,5899.894848484849,2016,Winter,Jun–Aug 2016,66
1435,5853.985606060606,2016,Winter,Jun–Aug 2016,66
0,6079.3778125,2017,Summer,Dec 2016–Feb 2017,64
5,6090.545,2017,Summer,Dec 2016–Feb 2017,64
10,6081.0471875,2017,Summer,Dec 2016–Feb 2017,64
15,6059.46234375,2017,Summer,Dec 2016–Feb 2017,64
20,6055.94,2017,Summer,Dec 2016–Feb 2017,64
25,6014.80375,2017,Summer,Dec 2016–Feb 2017,64
30,5985.36234375,2017,Summer,Dec 2016–Feb 2017,64
35,6000.25265625,2017,Summer,Dec 2016–Feb 2017,64
40,5994.97203125,2017,Summer,Dec 2016–Feb 2017,64
45,5970.2740625,2017,Summer,Dec 2016–Feb 2017,64
50,5937.77203125,2017,Summer,Dec 2016–Feb 2017,64
55,5905.7390625,2017,Summer,Dec 2016–Feb 2017,64
60,5870.92578125,2017,Summer,Dec 2016–Feb 2017,64
65,5873.62640625,2017,Summer,Dec 2016–Feb 2017,64
70,5844.4090625,2017,Summer,Dec 2016–Feb 2017,64
75,5839.454375,2017,Summer,Dec 2016–Feb 2017,64
80,5803.778125,2017,Summer,Dec 2016–Feb 2017,64
85,5784.3340625,2017,Summer,Dec 2016–Feb 2017,64
90,5799.59953125,2017,Summer,Dec 2016–Feb 2017,64
95,5784.83953125,2017,Summer,Dec 2016–Feb 2017,64
100,5758.00875,2017,Summer,Dec 2016–Feb 2017,64
105,5754.15015625,2017,Summer,Dec 2016–Feb 2017,64
110,5728.88265625,2017,Summer,Dec 2016–Feb 2017,64
115,5733.68140625,2017,Summer,Dec 2016–Feb 2017,64
120,5731.49421875,2017,Summer,Dec 2016–Feb 2017,64
125,5741.57078125,2017,Summer,Dec 2016–Feb 2017,64
130,5734.26796875,2017,Summer,Dec 2016–Feb 2017,64
135,5731.1696875,2017,Summer,Dec 2016–Feb 2017,64
140,5716.49578125,2017,Summer,Dec 2016–Feb 2017,64
145,5718.758125,2017,Summer,Dec 2016–Feb 2017,64
150,5691.91375,2017,Summer,Dec 2016–Feb 2017,64
155,5721.7895312499995,2017,Summer,Dec 2016–Feb 2017,64
160,5700.32765625,2017,Summer,Dec 2016–Feb 2017,64
165,5713.32921875,2017,Summer,Dec 2016–Feb 2017,64
170,5713.28734375,2017,Summer,Dec 2016–Feb 2017,64
175,5702.38171875,2017,Summer,Dec 2016–Feb 2017,64
180,5685.57578125,2017,Summer,Dec 2016–Feb 2017,64
185,5688.835,2017,Summer,Dec 2016–Feb 2017,64
190,5691.279375,2017,Summer,Dec 2016–Feb 2017,64
195,5687.133125,2017,Summer,Dec 2016–Feb 2017,64
200,5688.5753125,2017,Summer,Dec 2016–Feb 2017,64
205,5693.3071875,2017,Summer,Dec 2016–Feb 2017,64
210,5672.26953125,2017,Summer,Dec 2016–Feb 2017,64
215,5674.83984375,2017,Summer,Dec 2016–Feb 2017,64
220,5667.5121875,2017,Summer,Dec 2016–Feb 2017,64
225,5675.75859375,2017,Summer,Dec 2016–Feb 2017,64
230,5676.7734375,2017,Summer,Dec 2016–Feb 2017,64
235,5666.33234375,2017,Summer,Dec 2016–Feb 2017,64
240,5672.07984375,2017,Summer,Dec 2016–Feb 2017,64
245,5692.0484375,2017,Summer,Dec 2016–Feb 2017,64
250,5704.671875,2017,Summer,Dec 2016–Feb 2017,64
255,5718.6021875,2017,Summer,Dec 2016–Feb 2017,64
260,5717.15046875,2017,Summer,Dec 2016–Feb 2017,64
265,5715.52296875,2017,Summer,Dec 2016–Feb 2017,64
270,5724.94359375,2017,Summer,Dec 2016–Feb 2017,64
275,5741.1790625,2017,Summer,Dec 2016–Feb 2017,64
280,5736.89171875,2017,Summer,Dec 2016–Feb 2017,64
285,5744.46796875,2017,Summer,Dec 2016–Feb 2017,64
290,5766.05734375,2017,Summer,Dec 2016–Feb 2017,64
295,5776.07453125,2017,Summer,Dec 2016–Feb 2017,64
300,5795.4740625,2017,Summer,Dec 2016–Feb 2017,64
305,5842.748125,2017,Summer,Dec 2016–Feb 2017,64
310,5863.35046875,2017,Summer,Dec 2016–Feb 2017,64
315,5894.81921875,2017,Summer,Dec 2016–Feb 2017,64
320,5911.35515625,2017,Summer,Dec 2016–Feb 2017,64
325,5915.586875,2017,Summer,Dec 2016–Feb 2017,64
330,5922.8871875,2017,Summer,Dec 2016–Feb 2017,64
335,5931.77453125,2017,Summer,Dec 2016–Feb 2017,64
340,5952.1009375,2017,Summer,Dec 2016–Feb 2017,64
345,6011.240625,2017,Summer,Dec 2016–Feb 2017,64
350,6039.9775,2017,Summer,Dec 2016–Feb 2017,64
355,6068.51796875,2017,Summer,Dec 2016–Feb 2017,64
360,6116.6459375,2017,Summer,Dec 2016–Feb 2017,64
365,6150.43640625,2017,Summer,Dec 2016–Feb 2017,64
370,6216.63984375,2017,Summer,Dec 2016–Feb 2017,64
375,6290.60390625,2017,Summer,Dec 2016–Feb 2017,64
380,6312.17890625,2017,Summer,Dec 2016–Feb 2017,64
385,6346.76671875,2017,Summer,Dec 2016–Feb 2017,64
390,6396.5325,2017,Summer,Dec 2016–Feb 2017,64
395,6438.11171875,2017,Summer,Dec 2016–Feb 2017,64
400,6479.16359375,2017,Summer,Dec 2016–Feb 2017,64
405,6512.89125,2017,Summer,Dec 2016–Feb 2017,64
410,6535.5546875,2017,Summer,Dec 2016–Feb 2017,64
415,6566.00484375,2017,Summer,Dec 2016–Feb 2017,64
420,6624.39453125,2017,Summer,Dec 2016–Feb 2017,64
425,6690.64625,2017,Summer,Dec 2016–Feb 2017,64
430,6797.7109375,2017,Summer,Dec 2016–Feb 2017,64
435,6841.7384375,2017,Summer,Dec 2016–Feb 2017,64
440,6861.463125,2017,Summer,Dec 2016–Feb 2017,64
445,6897.94046875,2017,Summer,Dec 2016–Feb 2017,64
450,6939.633125,2017,Summer,Dec 2016–Feb 2017,64
455,6947.93921875,2017,Summer,Dec 2016–Feb 2017,64
460,6935.16859375,2017,Summer,Dec 2016–Feb 2017,64
465,6966.61375,2017,Summer,Dec 2016–Feb 2017,64
470,6980.2046875,2017,Summer,Dec 2016–Feb 2017,64
475,6983.7603125,2017,Summer,Dec 2016–Feb 2017,64
480,7007.19328125,2017,Summer,Dec 2016–Feb 2017,64
485,7024.195,2017,Summer,Dec 2016–Feb 2017,64
490,7058.431875,2017,Summer,Dec 2016–Feb 2017,64
495,7083.9315625,2017,Summer,Dec 2016–Feb 2017,64
500,7080.01,2017,Summer,Dec 2016–Feb 2017,64
505,7082.24703125,2017,Summer,Dec 2016–Feb 2017,64
510,7098.89734375,2017,Summer,Dec 2016–Feb 2017,64
515,7097.14703125,2017,Summer,Dec 2016–Feb 2017,64
520,7116.1103125,2017,Summer,Dec 2016–Feb 2017,64
525,7130.8678125,2017,Summer,Dec 2016–Feb 2017,64
530,7147.3009375,2017,Summer,Dec 2016–Feb 2017,64
535,7136.95609375,2017,Summer,Dec 2016–Feb 2017,64
540,7171.3403125,2017,Summer,Dec 2016–Feb 2017,64
545,7167.8675,2017,Summer,Dec 2016–Feb 2017,64
550,7174.46296875,2017,Summer,Dec 2016–Feb 2017,64
555,7192.41265625,2017,Summer,Dec 2016–Feb 2017,64
560,7189.873125,2017,Summer,Dec 2016–Feb 2017,64
565,7178.1925,2017,Summer,Dec 2016–Feb 2017,64
570,7168.46125,2017,Summer,Dec 2016–Feb 2017,64
575,7168.79296875,2017,Summer,Dec 2016–Feb 2017,64
580,7196.12859375,2017,Summer,Dec 2016–Feb 2017,64
585,7211.07234375,2017,Summer,Dec 2016–Feb 2017,64
590,7222.76328125,2017,Summer,Dec 2016–Feb 2017,64
595,7224.5609375,2017,Summer,Dec 2016–Feb 2017,64
600,7226.87640625,2017,Summer,Dec 2016–Feb 2017,64
605,7231.916875,2017,Summer,Dec 2016–Feb 2017,64
610,7234.23484375,2017,Summer,Dec 2016–Feb 2017,64
615,7244.3090624999995,2017,Summer,Dec 2016–Feb 2017,64
620,7245.22859375,2017,Summer,Dec 2016–Feb 2017,64
625,7236.91140625,2017,Summer,Dec 2016–Feb 2017,64
630,7236.709375,2017,Summer,Dec 2016–Feb 2017,64
635,7256.2771875,2017,Summer,Dec 2016–Feb 2017,64
640,7262.90265625,2017,Summer,Dec 2016–Feb 2017,64
645,7283.764375,2017,Summer,Dec 2016–Feb 2017,64
650,7297.53515625,2017,Summer,Dec 2016–Feb 2017,64
655,7292.533125,2017,Summer,Dec 2016–Feb 2017,64
660,7296.275,2017,Summer,Dec 2016–Feb 2017,64
665,7308.79,2017,Summer,Dec 2016–Feb 2017,64
670,7300.01015625,2017,Summer,Dec 2016–Feb 2017,64
675,7323.04796875,2017,Summer,Dec 2016–Feb 2017,64
680,7332.75390625,2017,Summer,Dec 2016–Feb 2017,64
685,7333.40859375,2017,Summer,Dec 2016–Feb 2017,64
690,7350.47640625,2017,Summer,Dec 2016–Feb 2017,64
695,7361.78234375,2017,Summer,Dec 2016–Feb 2017,64
700,7370.51515625,2017,Summer,Dec 2016–Feb 2017,64
705,7401.7309375,2017,Summer,Dec 2016–Feb 2017,64
710,7401.17546875,2017,Summer,Dec 2016–Feb 2017,64
715,7390.05546875,2017,Summer,Dec 2016–Feb 2017,64
720,7405.60390625,2017,Summer,Dec 2016–Feb 2017,64
725,7409.15390625,2017,Summer,Dec 2016–Feb 2017,64
730,7421.46,2017,Summer,Dec 2016–Feb 2017,64
735,7447.39796875,2017,Summer,Dec 2016–Feb 2017,64
740,7442.46234375,2017,Summer,Dec 2016–Feb 2017,64
745,7444.6465625,2017,Summer,Dec 2016–Feb 2017,64
750,7462.25046875,2017,Summer,Dec 2016–Feb 2017,64
755,7483.5271875,2017,Summer,Dec 2016–Feb 2017,64
760,7497.31546875,2017,Summer,Dec 2016–Feb 2017,64
765,7504.38015625,2017,Summer,Dec 2016–Feb 2017,64
770,7523.63578125,2017,Summer,Dec 2016–Feb 2017,64
775,7521.168125,2017,Summer,Dec 2016–Feb 2017,64
780,7539.26359375,2017,Summer,Dec 2016–Feb 2017,64
785,7549.084375,2017,Summer,Dec 2016–Feb 2017,64
790,7575.97234375,2017,Summer,Dec 2016–Feb 2017,64
795,7591.78671875,2017,Summer,Dec 2016–Feb 2017,64
800,7596.79,2017,Summer,Dec 2016–Feb 2017,64
805,7604.0109375,2017,Summer,Dec 2016–Feb 2017,64
810,7602.70515625,2017,Summer,Dec 2016–Feb 2017,64
815,7625.15234375,2017,Summer,Dec 2016–Feb 2017,64
820,7654.75078125,2017,Summer,Dec 2016–Feb 2017,64
825,7667.19796875,2017,Summer,Dec 2016–Feb 2017,64
830,7686.00671875,2017,Summer,Dec 2016–Feb 2017,64
835,7697.7721875,2017,Summer,Dec 2016–Feb 2017,64
840,7696.88078125,2017,Summer,Dec 2016–Feb 2017,64
845,7705.6846875,2017,Summer,Dec 2016–Feb 2017,64
850,7726.3553125,2017,Summer,Dec 2016–Feb 2017,64
855,7755.01671875,2017,Summer,Dec 2016–Feb 2017,64
860,7765.85125,2017,Summer,Dec 2016–Feb 2017,64
865,7758.05734375,2017,Summer,Dec 2016–Feb 2017,64
870,7765.2628125,2017,Summer,Dec 2016–Feb 2017,64
875,7777.639375,2017,Summer,Dec 2016–Feb 2017,64
880,7794.54265625,2017,Summer,Dec 2016–Feb 2017,64
885,7811.32046875,2017,Summer,Dec 2016–Feb 2017,64
890,7823.70921875,2017,Summer,Dec 2016–Feb 2017,64
895,7829.2975,2017,Summer,Dec 2016–Feb 2017,64
900,7845.9471875,2017,Summer,Dec 2016–Feb 2017,64
905,7848.043125,2017,Summer,Dec 2016–Feb 2017,64
910,7842.26875,2017,Summer,Dec 2016–Feb 2017,64
915,7883.84140625,2017,Summer,Dec 2016–Feb 2017,64
920,7900.84171875,2017,Summer,Dec 2016–Feb 2017,64
925,7913.43828125,2017,Summer,Dec 2016–Feb 2017,64
930,7944.9390625,2017,Summer,Dec 2016–Feb 2017,64
935,7946.50859375,2017,Summer,Dec 2016–Feb 2017,64
940,7978.30984375,2017,Summer,Dec 2016–Feb 2017,64
945,8004.7978125,2017,Summer,Dec 2016–Feb 2017,64
950,8027.41390625,2017,Summer,Dec 2016–Feb 2017,64
955,8018.65453125,2017,Summer,Dec 2016–Feb 2017,64
960,8035.43890625,2017,Summer,Dec 2016–Feb 2017,64
965,8026.61265625,2017,Summer,Dec 2016–Feb 2017,64
970,8068.3110937500005,2017,Summer,Dec 2016–Feb 2017,64
975,8083.2059375,2017,Summer,Dec 2016–Feb 2017,64
980,8093.7171875,2017,Summer,Dec 2016–Feb 2017,64
985,8091.8840625,2017,Summer,Dec 2016–Feb 2017,64
990,8107.89703125,2017,Summer,Dec 2016–Feb 2017,64
995,8116.49140625,2017,Summer,Dec 2016–Feb 2017,64
1000,8145.461875,2017,Summer,Dec 2016–Feb 2017,64
1005,8168.21828125,2017,Summer,Dec 2016–Feb 2017,64
1010,8174.2078125,2017,Summer,Dec 2016–Feb 2017,64
1015,8168.2446875,2017,Summer,Dec 2016–Feb 2017,64
1020,8148.4243750000005,2017,Summer,Dec 2016–Feb 2017,64
1025,8145.16328125,2017,Summer,Dec 2016–Feb 2017,64
1030,8145.6734375,2017,Summer,Dec 2016–Feb 2017,64
1035,8170.3040625,2017,Summer,Dec 2016–Feb 2017,64
1040,8126.35859375,2017,Summer,Dec 2016–Feb 2017,64
1045,8121.9334375,2017,Summer,Dec 2016–Feb 2017,64
1050,8086.124375,2017,Summer,Dec 2016–Feb 2017,64
1055,8086.12828125,2017,Summer,Dec 2016–Feb 2017,64
1060,8065.65921875,2017,Summer,Dec 2016–Feb 2017,64
1065,8068.46625,2017,Summer,Dec 2016–Feb 2017,64
1070,8060.7771875,2017,Summer,Dec 2016–Feb 2017,64
1075,8075.894375,2017,Summer,Dec 2016–Feb 2017,64
1080,8014.11515625,2017,Summer,Dec 2016–Feb 2017,64
1085,8004.55078125,2017,Summer,Dec 2016–Feb 2017,64
1090,7987.5284375,2017,Summer,Dec 2016–Feb 2017,64
1095,7995.24671875,2017,Summer,Dec 2016–Feb 2017,64
1100,7983.448125,2017,Summer,Dec 2016–Feb 2017,64
1105,7985.52609375,2017,Summer,Dec 2016–Feb 2017,64
1110,7986.54703125,2017,Summer,Dec 2016–Feb 2017,64
1115,7999.96625,2017,Summer,Dec 2016–Feb 2017,64
1120,8061.4734375,2017,Summer,Dec 2016–Feb 2017,64
1125,8095.73625,2017,Summer,Dec 2016–Feb 2017,64
1130,8112.52546875,2017,Summer,Dec 2016–Feb 2017,64
1135,8080.1721875,2017,Summer,Dec 2016–Feb 2017,64
1140,8083.271875,2017,Summer,Dec 2016–Feb 2017,64
1145,8103.43109375,2017,Summer,Dec 2016–Feb 2017,64
1150,8124.25953125,2017,Summer,Dec 2016–Feb 2017,64
1155,8123.25140625,2017,Summer,Dec 2016–Feb 2017,64
1160,8092.8892187500005,2017,Summer,Dec 2016–Feb 2017,64
1165,8046.0640625,2017,Summer,Dec 2016–Feb 2017,64
1170,8003.9715625,2017,Summer,Dec 2016–Feb 2017,64
1175,8005.92421875,2017,Summer,Dec 2016–Feb 2017,64
1180,8042.23484375,2017,Summer,Dec 2016–Feb 2017,64
1185,8035.875625,2017,Summer,Dec 2016–Feb 2017,64
1190,8020.2684375,2017,Summer,Dec 2016–Feb 2017,64
1195,8000.62671875,2017,Summer,Dec 2016–Feb 2017,64
1200,7958.08203125,2017,Summer,Dec 2016–Feb 2017,64
1205,7945.21796875,2017,Summer,Dec 2016–Feb 2017,64
1210,7942.82546875,2017,Summer,Dec 2016–Feb 2017,64
1215,7907.946875,2017,Summer,Dec 2016–Feb 2017,64
1220,7856.2809375,2017,Summer,Dec 2016–Feb 2017,64
1225,7808.42765625,2017,Summer,Dec 2016–Feb 2017,64
1230,7775.99859375,2017,Summer,Dec 2016–Feb 2017,64
1235,7721.16890625,2017,Summer,Dec 2016–Feb 2017,64
1240,7701.2371875,2017,Summer,Dec 2016–Feb 2017,64
1245,7660.84015625,2017,Summer,Dec 2016–Feb 2017,64
1250,7619.72484375,2017,Summer,Dec 2016–Feb 2017,64
1255,7583.65625,2017,Summer,Dec 2016–Feb 2017,64
1260,7526.988125,2017,Summer,Dec 2016–Feb 2017,64
1265,7487.775,2017,Summer,Dec 2016–Feb 2017,64
1270,7496.323125,2017,Summer,Dec 2016–Feb 2017,64
1275,7498.50890625,2017,Summer,Dec 2016–Feb 2017,64
1280,7461.59015625,2017,Summer,Dec 2016–Feb 2017,64
1285,7400.669375,2017,Summer,Dec 2016–Feb 2017,64
1290,7340.80859375,2017,Summer,Dec 2016–Feb 2017,64
1295,7311.24421875,2017,Summer,Dec 2016–Feb 2017,64
1300,7290.753125,2017,Summer,Dec 2016–Feb 2017,64
1305,7231.4928125,2017,Summer,Dec 2016–Feb 2017,64
1310,7175.1575,2017,Summer,Dec 2016–Feb 2017,64
1315,7127.14859375,2017,Summer,Dec 2016–Feb 2017,64
1320,7038.445625,2017,Summer,Dec 2016–Feb 2017,64
1325,7038.75859375,2017,Summer,Dec 2016–Feb 2017,64
1330,7000.34890625,2017,Summer,Dec 2016–Feb 2017,64
1335,6943.96296875,2017,Summer,Dec 2016–Feb 2017,64
1340,6880.34453125,2017,Summer,Dec 2016–Feb 2017,64
1345,6856.05640625,2017,Summer,Dec 2016–Feb 2017,64
1350,6867.92640625,2017,Summer,Dec 2016–Feb 2017,64
1355,6891.9403125,2017,Summer,Dec 2016–Feb 2017,64
1360,6867.91015625,2017,Summer,Dec 2016–Feb 2017,64
1365,6829.0512499999995,2017,Summer,Dec 2016–Feb 2017,64
1370,6801.25078125,2017,Summer,Dec 2016–Feb 2017,64
1375,6737.39171875,2017,Summer,Dec 2016–Feb 2017,64
1380,6679.74015625,2017,Summer,Dec 2016–Feb 2017,64
1385,6694.15796875,2017,Summer,Dec 2016–Feb 2017,64
1390,6667.90859375,2017,Summer,Dec 2016–Feb 2017,64
1395,6618.55640625,2017,Summer,Dec 2016–Feb 2017,64
1400,6566.92953125,2017,Summer,Dec 2016–Feb 2017,64
1405,6482.19484375,2017,Summer,Dec 2016–Feb 2017,64
1410,6414.5215625,2017,Summer,Dec 2016–Feb 2017,64
1415,6362.528125,2017,Summer,Dec 2016–Feb 2017,64
1420,6325.9917187500005,2017,Summer,Dec 2016–Feb 2017,64
1425,6276.81640625,2017,Summer,Dec 2016–Feb 2017,64
1430,6246.49078125,2017,Summer,Dec 2016–Feb 2017,64
1435,6212.1184375,2017,Summer,Dec 2016–Feb 2017,64
0,5498.360909090909,2017,Winter,Jun–Aug 2017,66
5,5490.491515151515,2017,Winter,Jun–Aug 2017,66
10,5468.503181818182,2017,Winter,Jun–Aug 2017,66
15,5448.993636363637,2017,Winter,Jun–Aug 2017,66
20,5417.154545454546,2017,Winter,Jun–Aug 2017,66
25,5377.14803030303,2017,Winter,Jun–Aug 2017,66
30,5333.006363636363,2017,Winter,Jun–Aug 2017,66
35,5327.266666666666,2017,Winter,Jun–Aug 2017,66
40,5318.921515151515,2017,Winter,Jun–Aug 2017,66
45,5300.289242424243,2017,Winter,Jun–Aug 2017,66
50,5272.449696969697,2017,Winter,Jun–Aug 2017,66
55,5238.035,2017,Winter,Jun–Aug 2017,66
60,5201.254393939394,2017,Winter,Jun–Aug 2017,66
65,5192.574242424243,2017,Winter,Jun–Aug 2017,66
70,5172.14893939394,2017,Winter,Jun–Aug 2017,66
75,5163.216818181818,2017,Winter,Jun–Aug 2017,66
80,5132.268333333333,2017,Winter,Jun–Aug 2017,66
85,5113.159242424243,2017,Winter,Jun–Aug 2017,66
90,5108.2283333333335,2017,Winter,Jun–Aug 2017,66
95,5098.8803030303025,2017,Winter,Jun–Aug 2017,66
100,5085.308181818182,2017,Winter,Jun–Aug 2017,66
105,5068.315,2017,Winter,Jun–Aug 2017,66
110,5055.368333333333,2017,Winter,Jun–Aug 2017,66
115,5049.359696969696,2017,Winter,Jun–Aug 2017,66
120,5040.951818181818,2017,Winter,Jun–Aug 2017,66
125,5040.291515151515,2017,Winter,Jun–Aug 2017,66
130,5033.483787878788,2017,Winter,Jun–Aug 2017,66
135,5036.587121212121,2017,Winter,Jun–Aug 2017,66
140,5020.4345454545455,2017,Winter,Jun–Aug 2017,66
145,5014.077121212122,2017,Winter,Jun–Aug 2017,66
150,5001.479545454546,2017,Winter,Jun–Aug 2017,66
155,5021.428787878787,2017,Winter,Jun–Aug 2017,66
160,5001.908333333334,2017,Winter,Jun–Aug 2017,66
165,5001.183787878788,2017,Winter,Jun–Aug 2017,66
170,5011.065606060606,2017,Winter,Jun–Aug 2017,66
175,5007.407272727272,2017,Winter,Jun–Aug 2017,66
180,4990.686212121212,2017,Winter,Jun–Aug 2017,66
185,4994.241212121212,2017,Winter,Jun–Aug 2017,66
190,5005.329545454545,2017,Winter,Jun–Aug 2017,66
195,5003.845151515152,2017,Winter,Jun–Aug 2017,66
200,5000.324848484848,2017,Winter,Jun–Aug 2017,66
205,5006.88696969697,2017,Winter,Jun–Aug 2017,66
210,4999.285,2017,Winter,Jun–Aug 2017,66
215,5013.803333333333,2017,Winter,Jun–Aug 2017,66
220,5002.564848484849,2017,Winter,Jun–Aug 2017,66
225,5016.395151515152,2017,Winter,Jun–Aug 2017,66
230,5021.632727272728,2017,Winter,Jun–Aug 2017,66
235,5025.25393939394,2017,Winter,Jun–Aug 2017,66
240,5039.737272727272,2017,Winter,Jun–Aug 2017,66
245,5063.117878787879,2017,Winter,Jun–Aug 2017,66
250,5076.239848484849,2017,Winter,Jun–Aug 2017,66
255,5102.5275757575755,2017,Winter,Jun–Aug 2017,66
260,5117.770151515152,2017,Winter,Jun–Aug 2017,66
265,5127.685909090909,2017,Winter,Jun–Aug 2017,66
270,5138.29303030303,2017,Winter,Jun–Aug 2017,66
275,5161.625757575757,2017,Winter,Jun–Aug 2017,66
280,5181.895909090909,2017,Winter,Jun–Aug 2017,66
285,5196.574848484848,2017,Winter,Jun–Aug 2017,66
290,5227.652727272727,2017,Winter,Jun–Aug 2017,66
295,5248.403333333334,2017,Winter,Jun–Aug 2017,66
300,5298.159393939394,2017,Winter,Jun–Aug 2017,66
305,5359.625303030303,2017,Winter,Jun–Aug 2017,66
310,5416.545303030303,2017,Winter,Jun–Aug 2017,66
315,5462.430151515152,2017,Winter,Jun–Aug 2017,66
320,5495.59696969697,2017,Winter,Jun–Aug 2017,66
325,5515.135909090909,2017,Winter,Jun–Aug 2017,66
330,5554.833181818181,2017,Winter,Jun–Aug 2017,66
335,5604.086969696969,2017,Winter,Jun–Aug 2017,66
340,5641.731666666667,2017,Winter,Jun–Aug 2017,66
345,5709.885151515151,2017,Winter,Jun–Aug 2017,66
350,5769.212272727273,2017,Winter,Jun–Aug 2017,66
355,5815.416515151515,2017,Winter,Jun–Aug 2017,66
360,5898.229545454546,2017,Winter,Jun–Aug 2017,66
365,5972.2110606060605,2017,Winter,Jun–Aug 2017,66
370,6075.240454545455,2017,Winter,Jun–Aug 2017,66
375,6170.082727272727,2017,Winter,Jun–Aug 2017,66
380,6208.26303030303,2017,Winter,Jun–Aug 2017,66
385,6256.487878787879,2017,Winter,Jun–Aug 2017,66
390,6319.133939393939,2017,Winter,Jun–Aug 2017,66
395,6369.211666666666,2017,Winter,Jun–Aug 2017,66
400,6447.058484848485,2017,Winter,Jun–Aug 2017,66
405,6504.299696969698,2017,Winter,Jun–Aug 2017,66
410,6559.939393939394,2017,Winter,Jun–Aug 2017,66
415,6597.475757575758,2017,Winter,Jun–Aug 2017,66
420,6664.017727272727,2017,Winter,Jun–Aug 2017,66
425,6745.563636363637,2017,Winter,Jun–Aug 2017,66
430,6828.069090909091,2017,Winter,Jun–Aug 2017,66
435,6867.122878787879,2017,Winter,Jun–Aug 2017,66
440,6864.151363636363,2017,Winter,Jun–Aug 2017,66
445,6873.160454545455,2017,Winter,Jun–Aug 2017,66
450,6892.301666666666,2017,Winter,Jun–Aug 2017,66
455,6868.263333333333,2017,Winter,Jun–Aug 2017,66
460,6822.377121212121,2017,Winter,Jun–Aug 2017,66
465,6811.574090909091,2017,Winter,Jun–Aug 2017,66
470,6785.543181818181,2017,Winter,Jun–Aug 2017,66
475,6753.866515151515,2017,Winter,Jun–Aug 2017,66
480,6715.448787878788,2017,Winter,Jun–Aug 2017,66
485,6656.754090909091,2017,Winter,Jun–Aug 2017,66
490,6654.653333333334,2017,Winter,Jun–Aug 2017,66
495,6631.982727272727,2017,Winter,Jun–Aug 2017,66
500,6585.027727272727,2017,Winter,Jun–Aug 2017,66
505,6526.145909090909,2017,Winter,Jun–Aug 2017,66
510,6500.794848484848,2017,Winter,Jun–Aug 2017,66
515,6425.211212121212,2017,Winter,Jun–Aug 2017,66
520,6405.136818181819,2017,Winter,Jun–Aug 2017,66
525,6387.743939393939,2017,Winter,Jun–Aug 2017,66
530,6360.086363636364,2017,Winter,Jun–Aug 2017,66
535,6320.238787878788,2017,Winter,Jun–Aug 2017,66
540,6297.807272727273,2017,Winter,Jun–Aug 2017,66
545,6275.651515151515,2017,Winter,Jun–Aug 2017,66
550,6250.98909090909,2017,Winter,Jun–Aug 2017,66
555,6240.727424242425,2017,Winter,Jun–Aug 2017,66
560,6197.120606060606,2017,Winter,Jun–Aug 2017,66
565,6148.480151515151,2017,Winter,Jun–Aug 2017,66
570,6099.57909090909,2017,Winter,Jun–Aug 2017,66
575,6109.817424242425,2017,Winter,Jun–Aug 2017,66
580,6068.638636363637,2017,Winter,Jun–Aug 2017,66
585,6046.459696969698,2017,Winter,Jun–Aug 2017,66
590,6023.169848484848,2017,Winter,Jun–Aug 2017,66
595,5991.099848484849,2017,Winter,Jun–Aug 2017,66
600,5977.7472727272725,2017,Winter,Jun–Aug 2017,66
605,5973.461666666666,2017,Winter,Jun–Aug 2017,66
610,5947.0628787878795,2017,Winter,Jun–Aug 2017,66
615,5929.93393939394,2017,Winter,Jun–Aug 2017,66
620,5912.706363636364,2017,Winter,Jun–Aug 2017,66
625,5889.762727272728,2017,Winter,Jun–Aug 2017,66
630,5875.382424242424,2017,Winter,Jun–Aug 2017,66
635,5859.652727272727,2017,Winter,Jun–Aug 2017,66
640,5847.9378787878795,2017,Winter,Jun–Aug 2017,66
645,5848.79393939394,2017,Winter,Jun–Aug 2017,66
650,5829.601818181819,2017,Winter,Jun–Aug 2017,66
655,5819.835,2017,Winter,Jun–Aug 2017,66
660,5799.606666666667,2017,Winter,Jun–Aug 2017,66
665,5793.115303030303,2017,Winter,Jun–Aug 2017,66
670,5772.678333333333,2017,Winter,Jun–Aug 2017,66
675,5768.9681818181825,2017,Winter,Jun–Aug 2017,66
680,5755.76803030303,2017,Winter,Jun–Aug 2017,66
685,5731.686818181818,2017,Winter,Jun–Aug 2017,66
690,5732.129393939394,2017,Winter,Jun–Aug 2017,66
695,5736.115454545455,2017,Winter,Jun–Aug 2017,66
700,5729.360000000001,2017,Winter,Jun–Aug 2017,66
705,5739.240303030303,2017,Winter,Jun–Aug 2017,66
710,5731.386666666667,2017,Winter,Jun–Aug 2017,66
715,5718.918333333333,2017,Winter,Jun–Aug 2017,66
720,5710.192575757576,2017,Winter,Jun–Aug 2017,66
725,5721.2181818181825,2017,Winter,Jun–Aug 2017,66
730,5716.411363636364,2017,Winter,Jun–Aug 2017,66
735,5725.945303030303,2017,Winter,Jun–Aug 2017,66
740,5722.933787878788,2017,Winter,Jun–Aug 2017,66
745,5718.110757575758,2017,Winter,Jun–Aug 2017,66
750,5710.835606060607,2017,Winter,Jun–Aug 2017,66
755,5725.642727272727,2017,Winter,Jun–Aug 2017,66
760,5732.41196969697,2017,Winter,Jun–Aug 2017,66
765,5752.907272727272,2017,Winter,Jun–Aug 2017,66
770,5744.900000000001,2017,Winter,Jun–Aug 2017,66
775,5736.920454545455,2017,Winter,Jun–Aug 2017,66
780,5746.447272727273,2017,Winter,Jun–Aug 2017,66
785,5757.70803030303,2017,Winter,Jun–Aug 2017,66
790,5760.723484848485,2017,Winter,Jun–Aug 2017,66
795,5790.444393939394,2017,Winter,Jun–Aug 2017,66
800,5784.018484848484,2017,Winter,Jun–Aug 2017,66
805,5776.916515151515,2017,Winter,Jun–Aug 2017,66
810,5791.3159090909085,2017,Winter,Jun–Aug 2017,66
815,5797.682727272727,2017,Winter,Jun–Aug 2017,66
820,5816.288636363636,2017,Winter,Jun–Aug 2017,66
825,5839.7716666666665,2017,Winter,Jun–Aug 2017,66
830,5853.7212121212115,2017,Winter,Jun–Aug 2017,66
835,5846.167878787879,2017,Winter,Jun–Aug 2017,66
840,5872.448181818182,2017,Winter,Jun–Aug 2017,66
845,5878.177121212121,2017,Winter,Jun–Aug 2017,66
850,5894.939242424242,2017,Winter,Jun–Aug 2017,66
855,5924.655,2017,Winter,Jun–Aug 2017,66
860,5934.571515151515,2017,Winter,Jun–Aug 2017,66
865,5930.319696969696,2017,Winter,Jun–Aug 2017,66
870,5951.445,2017,Winter,Jun–Aug 2017,66
875,5953.261666666667,2017,Winter,Jun–Aug 2017,66
880,5963.401666666667,2017,Winter,Jun–Aug 2017,66
885,5986.09,2017,Winter,Jun–Aug 2017,66
890,5997.682272727272,2017,Winter,Jun–Aug 2017,66
895,6006.581969696969,2017,Winter,Jun–Aug 2017,66
900,6010.086515151515,2017,Winter,Jun–Aug 2017,66
905,6039.665454545454,2017,Winter,Jun–Aug 2017,66
910,6044.371515151515,2017,Winter,Jun–Aug 2017,66
915,6088.402727272727,2017,Winter,Jun–Aug 2017,66
920,6099.938484848485,2017,Winter,Jun–Aug 2017,66
925,6130.390909090909,2017,Winter,Jun–Aug 2017,66
930,6155.806515151515,2017,Winter,Jun–Aug 2017,66
935,6173.016818181818,2017,Winter,Jun–Aug 2017,66
940,6216.09,2017,Winter,Jun–Aug 2017,66
945,6247.075757575758,2017,Winter,Jun–Aug 2017,66
950,6268.579393939393,2017,Winter,Jun–Aug 2017,66
955,6293.386060606061,2017,Winter,Jun–Aug 2017,66
960,6336.294545454545,2017,Winter,Jun–Aug 2017,66
965,6355.475606060606,2017,Winter,Jun–Aug 2017,66
970,6390.574696969697,2017,Winter,Jun–Aug 2017,66
975,6443.953030303031,2017,Winter,Jun–Aug 2017,66
980,6465.185303030303,2017,Winter,Jun–Aug 2017,66
985,6499.498787878788,2017,Winter,Jun–Aug 2017,66
990,6543.3424242424235,2017,Winter,Jun–Aug 2017,66
995,6578.701060606061,2017,Winter,Jun–Aug 2017,66
1000,6613.250303030303,2017,Winter,Jun–Aug 2017,66
1005,6678.357272727273,2017,Winter,Jun–Aug 2017,66
1010,6710.2851515151515,2017,Winter,Jun–Aug 2017,66
1015,6766.385303030303,2017,Winter,Jun–Aug 2017,66
1020,6800.441515151515,2017,Winter,Jun–Aug 2017,66
1025,6851.0628787878795,2017,Winter,Jun–Aug 2017,66
1030,6887.441666666667,2017,Winter,Jun–Aug 2017,66
1035,6940.002121212121,2017,Winter,Jun–Aug 2017,66
1040,6954.751969696969,2017,Winter,Jun–Aug 2017,66
1045,6996.240606060606,2017,Winter,Jun–Aug 2017,66
1050,7026.224999999999,2017,Winter,Jun–Aug 2017,66
1055,7067.637121212121,2017,Winter,Jun–Aug 2017,66
1060,7115.119090909091,2017,Winter,Jun–Aug 2017,66
1065,7162.837575757576,2017,Winter,Jun–Aug 2017,66
1070,7187.289242424243,2017,Winter,Jun–Aug 2017,66
1075,7212.420757575758,2017,Winter,Jun–Aug 2017,66
1080,7192.801666666667,2017,Winter,Jun–Aug 2017,66
1085,7214.463636363636,2017,Winter,Jun–Aug 2017,66
1090,7214.4366666666665,2017,Winter,Jun–Aug 2017,66
1095,7238.823484848484,2017,Winter,Jun–Aug 2017,66
1100,7227.899393939394,2017,Winter,Jun–Aug 2017,66
1105,7227.350454545454,2017,Winter,Jun–Aug 2017,66
1110,7215.913787878788,2017,Winter,Jun–Aug 2017,66
1115,7238.90106060606,2017,Winter,Jun–Aug 2017,66
1120,7288.997878787879,2017,Winter,Jun–Aug 2017,66
1125,7269.829393939393,2017,Winter,Jun–Aug 2017,66
1130,7264.488181818182,2017,Winter,Jun–Aug 2017,66
1135,7201.284848484848,2017,Winter,Jun–Aug 2017,66
1140,7174.288636363636,2017,Winter,Jun–Aug 2017,66
1145,7169.398181818181,2017,Winter,Jun–Aug 2017,66
1150,7161.825,2017,Winter,Jun–Aug 2017,66
1155,7155.462727272727,2017,Winter,Jun–Aug 2017,66
1160,7105.828333333333,2017,Winter,Jun–Aug 2017,66
1165,7059.934242424242,2017,Winter,Jun–Aug 2017,66
1170,7013.864696969697,2017,Winter,Jun–Aug 2017,66
1175,7028.264090909091,2017,Winter,Jun–Aug 2017,66
1180,7045.043787878788,2017,Winter,Jun–Aug 2017,66
1185,7029.79196969697,2017,Winter,Jun–Aug 2017,66
1190,7022.276060606061,2017,Winter,Jun–Aug 2017,66
1195,7024.958787878788,2017,Winter,Jun–Aug 2017,66
1200,6989.335757575757,2017,Winter,Jun–Aug 2017,66
1205,7013.367121212121,2017,Winter,Jun–Aug 2017,66
1210,7016.852575757576,2017,Winter,Jun–Aug 2017,66
1215,6982.947878787879,2017,Winter,Jun–Aug 2017,66
1220,6934.965,2017,Winter,Jun–Aug 2017,66
1225,6932.5898484848485,2017,Winter,Jun–Aug 2017,66
1230,6885.1239393939395,2017,Winter,Jun–Aug 2017,66
1235,6840.089545454545,2017,Winter,Jun–Aug 2017,66
1240,6813.568484848485,2017,Winter,Jun–Aug 2017,66
1245,6789.708484848485,2017,Winter,Jun–Aug 2017,66
1250,6758.4442424242425,2017,Winter,Jun–Aug 2017,66
1255,6717.944090909091,2017,Winter,Jun–Aug 2017,66
1260,6663.321212121213,2017,Winter,Jun–Aug 2017,66
1265,6633.422424242424,2017,Winter,Jun–Aug 2017,66
1270,6644.393484848484,2017,Winter,Jun–Aug 2017,66
1275,6642.266515151516,2017,Winter,Jun–Aug 2017,66
1280,6613.975303030303,2017,Winter,Jun–Aug 2017,66
1285,6554.995303030303,2017,Winter,Jun–Aug 2017,66
1290,6494.404545454546,2017,Winter,Jun–Aug 2017,66
1295,6468.050606060607,2017,Winter,Jun–Aug 2017,66
1300,6462.79,2017,Winter,Jun–Aug 2017,66
1305,6425.159090909091,2017,Winter,Jun–Aug 2017,66
1310,6373.675303030303,2017,Winter,Jun–Aug 2017,66
1315,6333.675909090909,2017,Winter,Jun–Aug 2017,66
1320,6283.17090909091,2017,Winter,Jun–Aug 2017,66
1325,6336.921969696969,2017,Winter,Jun–Aug 2017,66
1330,6312.175454545455,2017,Winter,Jun–Aug 2017,66
1335,6259.009999999999,2017,Winter,Jun–Aug 2017,66
1340,6225.835909090909,2017,Winter,Jun–Aug 2017,66
1345,6194.354848484848,2017,Winter,Jun–Aug 2017,66
1350,6202.64696969697,2017,Winter,Jun–Aug 2017,66
1355,6219.055909090909,2017,Winter,Jun–Aug 2017,66
1360,6214.328484848485,2017,Winter,Jun–Aug 2017,66
1365,6178.59696969697,2017,Winter,Jun–Aug 2017,66
1370,6161.823181818182,2017,Winter,Jun–Aug 2017,66
1375,6104.315606060606,2017,Winter,Jun–Aug 2017,66
1380,6040.141363636364,2017,Winter,Jun–Aug 2017,66
1385,6069.447424242425,2017,Winter,Jun–Aug 2017,66
1390,6038.926060606061,2017,Winter,Jun–Aug 2017,66
1395,6008.580757575758,2017,Winter,Jun–Aug 2017,66
1400,5944.446212121213,2017,Winter,Jun–Aug 2017,66
1405,5868.571363636364,2017,Winter,Jun–Aug 2017,66
1410,5817.279848484849,2017,Winter,Jun–Aug 2017,66
1415,5762.543181818181,2017,Winter,Jun–Aug 2017,66
1420,5720.070303030303,2017,Winter,Jun–Aug 2017,66
1425,5677.633181818182,2017,Winter,Jun–Aug 2017,66
1430,5627.605606060606,2017,Winter,Jun–Aug 2017,66
1435,5585.057575757575,2017,Winter,Jun–Aug 2017,66
0,6092.60046875,2019,Summer,Dec 2018–Feb 2019,64
5,6084.75109375,2019,Summer,Dec 2018–Feb 2019,64
10,6084.60765625,2019,Summer,Dec 2018–Feb 2019,64
15,6057.23171875,2019,Summer,Dec 2018–Feb 2019,64
20,6024.99453125,2019,Summer,Dec 2018–Feb 2019,64
25,5992.95828125,2019,Summer,Dec 2018–Feb 2019,64
30,5956.34625,2019,Summer,Dec 2018–Feb 2019,64
35,5933.27984375,2019,Summer,Dec 2018–Feb 2019,64
40,5916.81046875,2019,Summer,Dec 2018–Feb 2019,64
45,5894.235625,2019,Summer,Dec 2018–Feb 2019,64
50,5881.55734375,2019,Summer,Dec 2018–Feb 2019,64
55,5843.07375,2019,Summer,Dec 2018–Feb 2019,64
60,5834.5440625,2019,Summer,Dec 2018–Feb 2019,64
65,5813.00953125,2019,Summer,Dec 2018–Feb 2019,64
70,5807.59984375,2019,Summer,Dec 2018–Feb 2019,64
75,5791.65578125,2019,Summer,Dec 2018–Feb 2019,64
80,5767.32546875,2019,Summer,Dec 2018–Feb 2019,64
85,5759.82328125,2019,Summer,Dec 2018–Feb 2019,64
90,5755.84359375,2019,Summer,Dec 2018–Feb 2019,64
95,5728.24046875,2019,Summer,Dec 2018–Feb 2019,64
100,5730.6840625,2019,Summer,Dec 2018–Feb 2019,64
105,5718.59953125,2019,Summer,Dec 2018–Feb 2019,64
110,5708.8618750000005,2019,Summer,Dec 2018–Feb 2019,64
115,5700.7490625,2019,Summer,Dec 2018–Feb 2019,64
120,5698.7478125,2019,Summer,Dec 2018–Feb 2019,64
125,5693.46171875,2019,Summer,Dec 2018–Feb 2019,64
130,5691.03296875,2019,Summer,Dec 2018–Feb 2019,64
135,5689.11359375,2019,Summer,Dec 2018–Feb 2019,64
140,5667.29171875,2019,Summer,Dec 2018–Feb 2019,64
145,5675.799375,2019,Summer,Dec 2018–Feb 2019,64
150,5660.513125,2019,Summer,Dec 2018–Feb 2019,64
155,5659.53375,2019,Summer,Dec 2018–Feb 2019,64
160,5650.54375,2019,Summer,Dec 2018–Feb 2019,64
165,5647.5446875,2019,Summer,Dec 2018–Feb 2019,64
170,5632.7703125,2019,Summer,Dec 2018–Feb 2019,64
175,5641.50390625,2019,Summer,Dec 2018–Feb 2019,64
180,5633.661875,2019,Summer,Dec 2018–Feb 2019,64
185,5640.18015625,2019,Summer,Dec 2018–Feb 2019,64
190,5636.08328125,2019,Summer,Dec 2018–Feb 2019,64
195,5637.17375,2019,Summer,Dec 2018–Feb 2019,64
200,5633.69546875,2019,Summer,Dec 2018–Feb 2019,64
205,5620.20828125,2019,Summer,Dec 2018–Feb 2019,64
210,5613.0059375,2019,Summer,Dec 2018–Feb 2019,64
215,5621.62015625,2019,Summer,Dec 2018–Feb 2019,64
220,5625.121875,2019,Summer,Dec 2018–Feb 2019,64
225,5608.73515625,2019,Summer,Dec 2018–Feb 2019,64
230,5618.958125,2019,Summer,Dec 2018–Feb 2019,64
235,5616.13015625,2019,Summer,Dec 2018–Feb 2019,64
240,5617.979375,2019,Summer,Dec 2018–Feb 2019,64
245,5642.02015625,2019,Summer,Dec 2018–Feb 2019,64
250,5651.91875,2019,Summer,Dec 2018–Feb 2019,64
255,5648.65234375,2019,Summer,Dec 2018–Feb 2019,64
260,5666.36453125,2019,Summer,Dec 2018–Feb 2019,64
265,5658.6034375,2019,Summer,Dec 2018–Feb 2019,64
270,5679.8746875,2019,Summer,Dec 2018–Feb 2019,64
275,5678.9325,2019,Summer,Dec 2018–Feb 2019,64
280,5689.871875,2019,Summer,Dec 2018–Feb 2019,64
285,5698.4018750000005,2019,Summer,Dec 2018–Feb 2019,64
290,5709.86921875,2019,Summer,Dec 2018–Feb 2019,64
295,5714.4334375,2019,Summer,Dec 2018–Feb 2019,64
300,5741.72015625,2019,Summer,Dec 2018–Feb 2019,64
305,5775.2790625,2019,Summer,Dec 2018–Feb 2019,64
310,5819.1940625,2019,Summer,Dec 2018–Feb 2019,64
315,5829.74578125,2019,Summer,Dec 2018–Feb 2019,64
320,5851.345625,2019,Summer,Dec 2018–Feb 2019,64
325,5850.2859375,2019,Summer,Dec 2018–Feb 2019,64
330,5879.50328125,2019,Summer,Dec 2018–Feb 2019,64
335,5898.7371875,2019,Summer,Dec 2018–Feb 2019,64
340,5927.056875,2019,Summer,Dec 2018–Feb 2019,64
345,5947.64046875,2019,Summer,Dec 2018–Feb 2019,64
350,5963.6178125,2019,Summer,Dec 2018–Feb 2019,64
355,5980.070625,2019,Summer,Dec 2018–Feb 2019,64
360,6026.34828125,2019,Summer,Dec 2018–Feb 2019,64
365,6090.2475,2019,Summer,Dec 2018–Feb 2019,64
370,6154.9640625,2019,Summer,Dec 2018–Feb 2019,64
375,6204.04953125,2019,Summer,Dec 2018–Feb 2019,64
380,6221.82640625,2019,Summer,Dec 2018–Feb 2019,64
385,6257.7003125,2019,Summer,Dec 2018–Feb 2019,64
390,6304.014375,2019,Summer,Dec 2018–Feb 2019,64
395,6348.6001562500005,2019,Summer,Dec 2018–Feb 2019,64
400,6373.98359375,2019,Summer,Dec 2018–Feb 2019,64
405,6395.72796875,2019,Summer,Dec 2018–Feb 2019,64
410,6416.8853125,2019,Summer,Dec 2018–Feb 2019,64
415,6450.9446875,2019,Summer,Dec 2018–Feb 2019,64
420,6492.81734375,2019,Summer,Dec 2018–Feb 2019,64
425,6561.6103125,2019,Summer,Dec 2018–Feb 2019,64
430,6602.99328125,2019,Summer,Dec 2018–Feb 2019,64
435,6624.19546875,2019,Summer,Dec 2018–Feb 2019,64
440,6622.48203125,2019,Summer,Dec 2018–Feb 2019,64
445,6647.11921875,2019,Summer,Dec 2018–Feb 2019,64
450,6660.9015625,2019,Summer,Dec 2018–Feb 2019,64
455,6671.8278125,2019,Summer,Dec 2018–Feb 2019,64
460,6686.1296875,2019,Summer,Dec 2018–Feb 2019,64
465,6703.18203125,2019,Summer,Dec 2018–Feb 2019,64
470,6692.195,2019,Summer,Dec 2018–Feb 2019,64
475,6714.8059375,2019,Summer,Dec 2018–Feb 2019,64
480,6725.78921875,2019,Summer,Dec 2018–Feb 2019,64
485,6747.275625,2019,Summer,Dec 2018–Feb 2019,64
490,6766.9503125,2019,Summer,Dec 2018–Feb 2019,64
495,6763.1665625,2019,Summer,Dec 2018–Feb 2019,64
500,6763.64046875,2019,Summer,Dec 2018–Feb 2019,64
505,6772.6371875,2019,Summer,Dec 2018–Feb 2019,64
510,6772.52890625,2019,Summer,Dec 2018–Feb 2019,64
515,6764.30578125,2019,Summer,Dec 2018–Feb 2019,64
520,6791.27453125,2019,Summer,Dec 2018–Feb 2019,64
525,6784.59609375,2019,Summer,Dec 2018–Feb 2019,64
530,6782.5653125,2019,Summer,Dec 2018–Feb 2019,64
535,6787.3590625,2019,Summer,Dec 2018–Feb 2019,64
540,6780.3109375,2019,Summer,Dec 2018–Feb 2019,64
545,6789.2540625,2019,Summer,Dec 2018–Feb 2019,64
550,6800.009375,2019,Summer,Dec 2018–Feb 2019,64
555,6796.8753125,2019,Summer,Dec 2018–Feb 2019,64
560,6793.24921875,2019,Summer,Dec 2018–Feb 2019,64
565,6789.53703125,2019,Summer,Dec 2018–Feb 2019,64
570,6785.81078125,2019,Summer,Dec 2018–Feb 2019,64
575,6780.9384375,2019,Summer,Dec 2018–Feb 2019,64
580,6790.3940625,2019,Summer,Dec 2018–Feb 2019,64
585,6780.81875,2019,Summer,Dec 2018–Feb 2019,64
590,6768.06,2019,Summer,Dec 2018–Feb 2019,64
595,6778.17640625,2019,Summer,Dec 2018–Feb 2019,64
600,6781.80625,2019,Summer,Dec 2018–Feb 2019,64
605,6786.80984375,2019,Summer,Dec 2018–Feb 2019,64
610,6796.79828125,2019,Summer,Dec 2018–Feb 2019,64
615,6805.49015625,2019,Summer,Dec 2018–Feb 2019,64
620,6795.82296875,2019,Summer,Dec 2018–Feb 2019,64
625,6800.29203125,2019,Summer,Dec 2018–Feb 2019,64
630,6799.1584375,2019,Summer,Dec 2018–Feb 2019,64
635,6802.7465625,2019,Summer,Dec 2018–Feb 2019,64
640,6807.08953125,2019,Summer,Dec 2018–Feb 2019,64
645,6805.06421875,2019,Summer,Dec 2018–Feb 2019,64
650,6799.56875,2019,Summer,Dec 2018–Feb 2019,64
655,6808.1590625,2019,Summer,Dec 2018–Feb 2019,64
660,6801.94109375,2019,Summer,Dec 2018–Feb 2019,64
665,6812.615625,2019,Summer,Dec 2018–Feb 2019,64
670,6831.1010937500005,2019,Summer,Dec 2018–Feb 2019,64
675,6827.38765625,2019,Summer,Dec 2018–Feb 2019,64
680,6828.4703125,2019,Summer,Dec 2018–Feb 2019,64
685,6835.5696875,2019,Summer,Dec 2018–Feb 2019,64
690,6825.0825,2019,Summer,Dec 2018–Feb 2019,64
695,6847.4640625,2019,Summer,Dec 2018–Feb 2019,64
700,6867.70125,2019,Summer,Dec 2018–Feb 2019,64
705,6873.75109375,2019,Summer,Dec 2018–Feb 2019,64
710,6885.11171875,2019,Summer,Dec 2018–Feb 2019,64
715,6888.170625,2019,Summer,Dec 2018–Feb 2019,64
720,6887.78625,2019,Summer,Dec 2018–Feb 2019,64
725,6903.18125,2019,Summer,Dec 2018–Feb 2019,64
730,6924.01015625,2019,Summer,Dec 2018–Feb 2019,64
735,6935.0765625,2019,Summer,Dec 2018–Feb 2019,64
740,6945.93328125,2019,Summer,Dec 2018–Feb 2019,64
745,6939.9921875,2019,Summer,Dec 2018–Feb 2019,64
750,6962.73046875,2019,Summer,Dec 2018–Feb 2019,64
755,6967.52515625,2019,Summer,Dec 2018–Feb 2019,64
760,6986.65171875,2019,Summer,Dec 2018–Feb 2019,64
765,7003.57640625,2019,Summer,Dec 2018–Feb 2019,64
770,7010.56078125,2019,Summer,Dec 2018–Feb 2019,64
775,7018.99203125,2019,Summer,Dec 2018–Feb 2019,64
780,7036.025,2019,Summer,Dec 2018–Feb 2019,64
785,7057.5775,2019,Summer,Dec 2018–Feb 2019,64
790,7075.6365625,2019,Summer,Dec 2018–Feb 2019,64
795,7096.191875,2019,Summer,Dec 2018–Feb 2019,64
800,7112.0896875,2019,Summer,Dec 2018–Feb 2019,64
805,7112.81046875,2019,Summer,Dec 2018–Feb 2019,64
810,7133.716875,2019,Summer,Dec 2018–Feb 2019,64
815,7161.6890625,2019,Summer,Dec 2018–Feb 2019,64
820,7176.3465625,2019,Summer,Dec 2018–Feb 2019,64
825,7201.43953125,2019,Summer,Dec 2018–Feb 2019,64
830,7222.42890625,2019,Summer,Dec 2018–Feb 2019,64
835,7222.52875,2019,Summer,Dec 2018–Feb 2019,64
840,7247.42546875,2019,Summer,Dec 2018–Feb 2019,64
845,7258.01953125,2019,Summer,Dec 2018–Feb 2019,64
850,7276.77390625,2019,Summer,Dec 2018–Feb 2019,64
855,7308.18140625,2019,Summer,Dec 2018–Feb 2019,64
860,7316.93296875,2019,Summer,Dec 2018–Feb 2019,64
865,7325.324375,2019,Summer,Dec 2018–Feb 2019,64
870,7350.4282812500005,2019,Summer,Dec 2018–Feb 2019,64
875,7349.20046875,2019,Summer,Dec 2018–Feb 2019,64
880,7384.048125,2019,Summer,Dec 2018–Feb 2019,64
885,7397.46875,2019,Summer,Dec 2018–Feb 2019,64
890,7408.88140625,2019,Summer,Dec 2018–Feb 2019,64
895,7427.20140625,2019,Summer,Dec 2018–Feb 2019,64
900,7435.86703125,2019,Summer,Dec 2018–Feb 2019,64
905,7453.98125,2019,Summer,Dec 2018–Feb 2019,64
910,7485.55984375,2019,Summer,Dec 2018–Feb 2019,64
915,7509.33921875,2019,Summer,Dec 2018–Feb 2019,64
920,7532.85625,2019,Summer,Dec 2018–Feb 2019,64
925,7572.22140625,2019,Summer,Dec 2018–Feb 2019,64
930,7590.23125,2019,Summer,Dec 2018–Feb 2019,64
935,7623.21421875,2019,Summer,Dec 2018–Feb 2019,64
940,7641.87875,2019,Summer,Dec 2018–Feb 2019,64
945,7677.27546875,2019,Summer,Dec 2018–Feb 2019,64
950,7693.205,2019,Summer,Dec 2018–Feb 2019,64
955,7724.7528125,2019,Summer,Dec 2018–Feb 2019,64
960,7737.41484375,2019,Summer,Dec 2018–Feb 2019,64
965,7766.8434375,2019,Summer,Dec 2018–Feb 2019,64
970,7792.3965625,2019,Summer,Dec 2018–Feb 2019,64
975,7822.77671875,2019,Summer,Dec 2018–Feb 2019,64
980,7843.21390625,2019,Summer,Dec 2018–Feb 2019,64
985,7867.92171875,2019,Summer,Dec 2018–Feb 2019,64
990,7890.534375,2019,Summer,Dec 2018–Feb 2019,64
995,7920.63734375,2019,Summer,Dec 2018–Feb 2019,64
1000,7930.30984375,2019,Summer,Dec 2018–Feb 2019,64
1005,7961.90046875,2019,Summer,Dec 2018–Feb 2019,64
1010,7987.2034375,2019,Summer,Dec 2018–Feb 2019,64
1015,8011.4421875,2019,Summer,Dec 2018–Feb 2019,64
1020,8023.25421875,2019,Summer,Dec 2018–Feb 2019,64
1025,8013.993125,2019,Summer,Dec 2018–Feb 2019,64
1030,8025.0875,2019,Summer,Dec 2018–Feb 2019,64
1035,7989.07953125,2019,Summer,Dec 2018–Feb 2019,64
1040,7986.40890625,2019,Summer,Dec 2018–Feb 2019,64
1045,7988.15234375,2019,Summer,Dec 2018–Feb 2019,64
1050,8016.46796875,2019,Summer,Dec 2018–Feb 2019,64
1055,8017.5234375,2019,Summer,Dec 2018–Feb 2019,64
1060,8012.4471875,2019,Summer,Dec 2018–Feb 2019,64
1065,8003.20328125,2019,Summer,Dec 2018–Feb 2019,64
1070,7994.4640625,2019,Summer,Dec 2018–Feb 2019,64
1075,7985.548125,2019,Summer,Dec 2018–Feb 2019,64
1080,7979.47828125,2019,Summer,Dec 2018–Feb 2019,64
1085,7943.0092187499995,2019,Summer,Dec 2018–Feb 2019,64
1090,7935.36890625,2019,Summer,Dec 2018–Feb 2019,64
1095,7932.04046875,2019,Summer,Dec 2018–Feb 2019,64
1100,7940.99859375,2019,Summer,Dec 2018–Feb 2019,64
1105,7948.185,2019,Summer,Dec 2018–Feb 2019,64
1110,7937.93765625,2019,Summer,Dec 2018–Feb 2019,64
1115,8014.525625,2019,Summer,Dec 2018–Feb 2019,64
1120,8055.335625,2019,Summer,Dec 2018–Feb 2019,64
1125,8032.17703125,2019,Summer,Dec 2018–Feb 2019,64
1130,8025.831875,2019,Summer,Dec 2018–Feb 2019,64
1135,8017.39953125,2019,Summer,Dec 2018–Feb 2019,64
1140,8018.65453125,2019,Summer,Dec 2018–Feb 2019,64
1145,8076.82125,2019,Summer,Dec 2018–Feb 2019,64
1150,8066.4671875,2019,Summer,Dec 2018–Feb 2019,64
1155,8027.97109375,2019,Summer,Dec 2018–Feb 2019,64
1160,8006.5971875,2019,Summer,Dec 2018–Feb 2019,64
1165,7966.33953125,2019,Summer,Dec 2018–Feb 2019,64
1170,7938.86171875,2019,Summer,Dec 2018–Feb 2019,64
1175,7994.4846875,2019,Summer,Dec 2018–Feb 2019,64
1180,8004.63734375,2019,Summer,Dec 2018–Feb 2019,64
1185,7932.308125,2019,Summer,Dec 2018–Feb 2019,64
1190,7957.2003125,2019,Summer,Dec 2018–Feb 2019,64
1195,7903.708125,2019,Summer,Dec 2018–Feb 2019,64
1200,7854.02296875,2019,Summer,Dec 2018–Feb 2019,64
1205,7877.15109375,2019,Summer,Dec 2018–Feb 2019,64
1210,7846.8990625,2019,Summer,Dec 2018–Feb 2019,64
1215,7781.1728125,2019,Summer,Dec 2018–Feb 2019,64
1220,7707.24125,2019,Summer,Dec 2018–Feb 2019,64
1225,7696.0690625,2019,Summer,Dec 2018–Feb 2019,64
1230,7651.86328125,2019,Summer,Dec 2018–Feb 2019,64
1235,7593.47640625,2019,Summer,Dec 2018–Feb 2019,64
1240,7553.984375,2019,Summer,Dec 2018–Feb 2019,64
1245,7579.18296875,2019,Summer,Dec 2018–Feb 2019,64
1250,7535.5134375,2019,Summer,Dec 2018–Feb 2019,64
1255,7460.6001562500005,2019,Summer,Dec 2018–Feb 2019,64
1260,7405.29453125,2019,Summer,Dec 2018–Feb 2019,64
1265,7373.3970312500005,2019,Summer,Dec 2018–Feb 2019,64
1270,7377.065625,2019,Summer,Dec 2018–Feb 2019,64
1275,7368.8471875,2019,Summer,Dec 2018–Feb 2019,64
1280,7335.738125,2019,Summer,Dec 2018–Feb 2019,64
1285,7280.81,2019,Summer,Dec 2018–Feb 2019,64
1290,7216.8071875,2019,Summer,Dec 2018–Feb 2019,64
1295,7210.33046875,2019,Summer,Dec 2018–Feb 2019,64
1300,7176.20828125,2019,Summer,Dec 2018–Feb 2019,64
1305,7108.70453125,2019,Summer,Dec 2018–Feb 2019,64
1310,7072.73046875,2019,Summer,Dec 2018–Feb 2019,64
1315,6998.57578125,2019,Summer,Dec 2018–Feb 2019,64
1320,6942.1740625,2019,Summer,Dec 2018–Feb 2019,64
1325,6977.79921875,2019,Summer,Dec 2018–Feb 2019,64
1330,6963.32703125,2019,Summer,Dec 2018–Feb 2019,64
1335,6900.3171875,2019,Summer,Dec 2018–Feb 2019,64
1340,6884.32671875,2019,Summer,Dec 2018–Feb 2019,64
1345,6853.6440625,2019,Summer,Dec 2018–Feb 2019,64
1350,6856.66734375,2019,Summer,Dec 2018–Feb 2019,64
1355,6830.09234375,2019,Summer,Dec 2018–Feb 2019,64
1360,6815.8621875,2019,Summer,Dec 2018–Feb 2019,64
1365,6773.28921875,2019,Summer,Dec 2018–Feb 2019,64
1370,6723.8171875,2019,Summer,Dec 2018–Feb 2019,64
1375,6658.67953125,2019,Summer,Dec 2018–Feb 2019,64
1380,6607.1434375,2019,Summer,Dec 2018–Feb 2019,64
1385,6546.48203125,2019,Summer,Dec 2018–Feb 2019,64
1390,6522.44796875,2019,Summer,Dec 2018–Feb 2019,64
1395,6497.6759375,2019,Summer,Dec 2018–Feb 2019,64
1400,6458.32078125,2019,Summer,Dec 2018–Feb 2019,64
1405,6401.20921875,2019,Summer,Dec 2018–Feb 2019,64
1410,6356.430625,2019,Summer,Dec 2018–Feb 2019,64
1415,6327.775,2019,Summer,Dec 2018–Feb 2019,64
1420,6281.1940625,2019,Summer,Dec 2018–Feb 2019,64
1425,6239.30828125,2019,Summer,Dec 2018–Feb 2019,64
1430,6209.190625,2019,Summer,Dec 2018–Feb 2019,64
1435,6151.9821875,2019,Summer,Dec 2018–Feb 2019,64
0,5632.976769230769,2019,Winter,Jun–Aug 2019,65
5,5598.045692307693,2019,Winter,Jun–Aug 2019,65
10,5587.215384615384,2019,Winter,Jun–Aug 2019,65
15,5550.889076923077,2019,Winter,Jun–Aug 2019,65
20,5511.035538461539,2019,Winter,Jun–Aug 2019,65
25,5485.145692307692,2019,Winter,Jun–Aug 2019,65
30,5450.421692307692,2019,Winter,Jun–Aug 2019,65
35,5418.903076923077,2019,Winter,Jun–Aug 2019,65
40,5417.414923076923,2019,Winter,Jun–Aug 2019,65
45,5393.141384615385,2019,Winter,Jun–Aug 2019,65
50,5360.740923076923,2019,Winter,Jun–Aug 2019,65
55,5334.938153846154,2019,Winter,Jun–Aug 2019,65
60,5312.554769230769,2019,Winter,Jun–Aug 2019,65
65,5294.31676923077,2019,Winter,Jun–Aug 2019,65
70,5292.084615384615,2019,Winter,Jun–Aug 2019,65
75,5270.078461538461,2019,Winter,Jun–Aug 2019,65
80,5253.416153846154,2019,Winter,Jun–Aug 2019,65
85,5238.786923076924,2019,Winter,Jun–Aug 2019,65
90,5222.953076923077,2019,Winter,Jun–Aug 2019,65
95,5204.281076923077,2019,Winter,Jun–Aug 2019,65
100,5205.361538461539,2019,Winter,Jun–Aug 2019,65
105,5192.228615384615,2019,Winter,Jun–Aug 2019,65
110,5178.346769230769,2019,Winter,Jun–Aug 2019,65
115,5165.922307692308,2019,Winter,Jun–Aug 2019,65
120,5158.706923076923,2019,Winter,Jun–Aug 2019,65
125,5147.410461538461,2019,Winter,Jun–Aug 2019,65
130,5152.403076923077,2019,Winter,Jun–Aug 2019,65
135,5140.899230769231,2019,Winter,Jun–Aug 2019,65
140,5128.174153846154,2019,Winter,Jun–Aug 2019,65
145,5121.925384615385,2019,Winter,Jun–Aug 2019,65
150,5114.472615384615,2019,Winter,Jun–Aug 2019,65
155,5108.540153846154,2019,Winter,Jun–Aug 2019,65
160,5102.79076923077,2019,Winter,Jun–Aug 2019,65
165,5102.406,2019,Winter,Jun–Aug 2019,65
170,5097.425846153846,2019,Winter,Jun–Aug 2019,65
175,5097.793538461538,2019,Winter,Jun–Aug 2019,65
180,5096.981230769231,2019,Winter,Jun–Aug 2019,65
185,5097.045230769231,2019,Winter,Jun–Aug 2019,65
190,5105.974153846154,2019,Winter,Jun–Aug 2019,65
195,5103.836923076923,2019,Winter,Jun–Aug 2019,65
200,5108.974769230769,2019,Winter,Jun–Aug 2019,65
205,5103.806307692307,2019,Winter,Jun–Aug 2019,65
210,5101.008000000001,2019,Winter,Jun–Aug 2019,65
215,5104.968153846154,2019,Winter,Jun–Aug 2019,65
220,5107.318461538462,2019,Winter,Jun–Aug 2019,65
225,5112.08923076923,2019,Winter,Jun–Aug 2019,65
230,5108.760461538462,2019,Winter,Jun–Aug 2019,65
235,5124.1352307692305,2019,Winter,Jun–Aug 2019,65
240,5131.847846153846,2019,Winter,Jun–Aug 2019,65
245,5155.543538461538,2019,Winter,Jun–Aug 2019,65
250,5172.319230769231,2019,Winter,Jun–Aug 2019,65
255,5197.509538461539,2019,Winter,Jun–Aug 2019,65
260,5204.906923076924,2019,Winter,Jun–Aug 2019,65
265,5221.959846153846,2019,Winter,Jun–Aug 2019,65
270,5230.197538461539,2019,Winter,Jun–Aug 2019,65
275,5248.55923076923,2019,Winter,Jun–Aug 2019,65
280,5277.522461538462,2019,Winter,Jun–Aug 2019,65
285,5298.966153846153,2019,Winter,Jun–Aug 2019,65
290,5322.9110769230765,2019,Winter,Jun–Aug 2019,65
295,5360.332615384616,2019,Winter,Jun–Aug 2019,65
300,5384.784307692307,2019,Winter,Jun–Aug 2019,65
305,5445.468153846154,2019,Winter,Jun–Aug 2019,65
310,5516.488923076923,2019,Winter,Jun–Aug 2019,65
315,5542.498153846154,2019,Winter,Jun–Aug 2019,65
320,5583.679538461538,2019,Winter,Jun–Aug 2019,65
325,5623.818923076923,2019,Winter,Jun–Aug 2019,65
330,5668.7284615384615,2019,Winter,Jun–Aug 2019,65
335,5717.422153846154,2019,Winter,Jun–Aug 2019,65
340,5765.652923076923,2019,Winter,Jun–Aug 2019,65
345,5803.479230769231,2019,Winter,Jun–Aug 2019,65
350,5852.26276923077,2019,Winter,Jun–Aug 2019,65
355,5912.213230769231,2019,Winter,Jun–Aug 2019,65
360,5996.164153846154,2019,Winter,Jun–Aug 2019,65
365,6082.687538461539,2019,Winter,Jun–Aug 2019,65
370,6186.402307692308,2019,Winter,Jun–Aug 2019,65
375,6259.594615384616,2019,Winter,Jun–Aug 2019,65
380,6310.899538461539,2019,Winter,Jun–Aug 2019,65
385,6383.652769230769,2019,Winter,Jun–Aug 2019,65
390,6450.845384615385,2019,Winter,Jun–Aug 2019,65
395,6520.8396923076925,2019,Winter,Jun–Aug 2019,65
400,6578.622461538462,2019,Winter,Jun–Aug 2019,65
405,6635.699538461538,2019,Winter,Jun–Aug 2019,65
410,6668.278307692308,2019,Winter,Jun–Aug 2019,65
415,6726.749384615385,2019,Winter,Jun–Aug 2019,65
420,6768.617538461539,2019,Winter,Jun–Aug 2019,65
425,6841.386,2019,Winter,Jun–Aug 2019,65
430,6883.642307692307,2019,Winter,Jun–Aug 2019,65
435,6903.389538461539,2019,Winter,Jun–Aug 2019,65
440,6890.230923076923,2019,Winter,Jun–Aug 2019,65
445,6895.199384615385,2019,Winter,Jun–Aug 2019,65
450,6882.212,2019,Winter,Jun–Aug 2019,65
455,6858.653846153846,2019,Winter,Jun–Aug 2019,65
460,6841.452153846154,2019,Winter,Jun–Aug 2019,65
465,6810.302153846154,2019,Winter,Jun–Aug 2019,65
470,6759.7449230769225,2019,Winter,Jun–Aug 2019,65
475,6720.765384615384,2019,Winter,Jun–Aug 2019,65
480,6674.125384615385,2019,Winter,Jun–Aug 2019,65
485,6637.907538461538,2019,Winter,Jun–Aug 2019,65
490,6594.286153846154,2019,Winter,Jun–Aug 2019,65
495,6533.090307692308,2019,Winter,Jun–Aug 2019,65
500,6470.3138461538465,2019,Winter,Jun–Aug 2019,65
505,6432.183538461539,2019,Winter,Jun–Aug 2019,65
510,6376.6,2019,Winter,Jun–Aug 2019,65
515,6314.224923076923,2019,Winter,Jun–Aug 2019,65
520,6288.751692307692,2019,Winter,Jun–Aug 2019,65
525,6235.7449230769225,2019,Winter,Jun–Aug 2019,65
530,6190.408615384616,2019,Winter,Jun–Aug 2019,65
535,6146.384769230769,2019,Winter,Jun–Aug 2019,65
540,6111.916615384615,2019,Winter,Jun–Aug 2019,65
545,6071.821538461539,2019,Winter,Jun–Aug 2019,65
550,6042.597692307692,2019,Winter,Jun–Aug 2019,65
555,6016.326461538461,2019,Winter,Jun–Aug 2019,65
560,5952.711538461538,2019,Winter,Jun–Aug 2019,65
565,5917.576,2019,Winter,Jun–Aug 2019,65
570,5888.074615384615,2019,Winter,Jun–Aug 2019,65
575,5846.475076923077,2019,Winter,Jun–Aug 2019,65
580,5819.3852307692305,2019,Winter,Jun–Aug 2019,65
585,5781.79,2019,Winter,Jun–Aug 2019,65
590,5747.117538461539,2019,Winter,Jun–Aug 2019,65
595,5724.444615384616,2019,Winter,Jun–Aug 2019,65
600,5697.428615384615,2019,Winter,Jun–Aug 2019,65
605,5677.5810769230775,2019,Winter,Jun–Aug 2019,65
610,5650.407846153847,2019,Winter,Jun–Aug 2019,65
615,5621.182000000001,2019,Winter,Jun–Aug 2019,65
620,5580.424153846154,2019,Winter,Jun–Aug 2019,65
625,5574.509538461539,2019,Winter,Jun–Aug 2019,65
630,5550.4949230769225,2019,Winter,Jun–Aug 2019,65
635,5542.176,2019,Winter,Jun–Aug 2019,65
640,5526.052615384615,2019,Winter,Jun–Aug 2019,65
645,5507.79123076923,2019,Winter,Jun–Aug 2019,65
650,5491.697076923077,2019,Winter,Jun–Aug 2019,65
655,5479.829384615384,2019,Winter,Jun–Aug 2019,65
660,5458.408923076923,2019,Winter,Jun–Aug 2019,65
665,5446.676461538461,2019,Winter,Jun–Aug 2019,65
670,5451.683076923077,2019,Winter,Jun–Aug 2019,65
675,5433.322769230769,2019,Winter,Jun–Aug 2019,65
680,5426.133692307692,2019,Winter,Jun–Aug 2019,65
685,5414.080615384615,2019,Winter,Jun–Aug 2019,65
690,5401.111846153846,2019,Winter,Jun–Aug 2019,65
695,5399.388,2019,Winter,Jun–Aug 2019,65
700,5400.193846153846,2019,Winter,Jun–Aug 2019,65
705,5397.932461538461,2019,Winter,Jun–Aug 2019,65
710,5393.440923076922,2019,Winter,Jun–Aug 2019,65
715,5390.291384615384,2019,Winter,Jun–Aug 2019,65
720,5375.077230769231,2019,Winter,Jun–Aug 2019,65
725,5378.904,2019,Winter,Jun–Aug 2019,65
730,5383.258615384615,2019,Winter,Jun–Aug 2019,65
735,5386.656307692308,2019,Winter,Jun–Aug 2019,65
740,5381.202769230769,2019,Winter,Jun–Aug 2019,65
745,5385.613538461538,2019,Winter,Jun–Aug 2019,65
750,5388.508307692307,2019,Winter,Jun–Aug 2019,65
755,5392.087076923077,2019,Winter,Jun–Aug 2019,65
760,5415.571846153846,2019,Winter,Jun–Aug 2019,65
765,5415.502923076923,2019,Winter,Jun–Aug 2019,65
770,5419.391538461538,2019,Winter,Jun–Aug 2019,65
775,5422.910923076924,2019,Winter,Jun–Aug 2019,65
780,5428.724153846154,2019,Winter,Jun–Aug 2019,65
785,5436.410000000001,2019,Winter,Jun–Aug 2019,65
790,5468.866,2019,Winter,Jun–Aug 2019,65
795,5481.726615384615,2019,Winter,Jun–Aug 2019,65
800,5483.724923076923,2019,Winter,Jun–Aug 2019,65
805,5503.729076923077,2019,Winter,Jun–Aug 2019,65
810,5499.095538461539,2019,Winter,Jun–Aug 2019,65
815,5526.317999999999,2019,Winter,Jun–Aug 2019,65
820,5546.131384615384,2019,Winter,Jun–Aug 2019,65
825,5566.876923076923,2019,Winter,Jun–Aug 2019,65
830,5576.3287692307695,2019,Winter,Jun–Aug 2019,65
835,5588.680769230769,2019,Winter,Jun–Aug 2019,65
840,5596.051692307692,2019,Winter,Jun–Aug 2019,65
845,5619.226769230769,2019,Winter,Jun–Aug 2019,65
850,5644.606461538461,2019,Winter,Jun–Aug 2019,65
855,5675.272615384615,2019,Winter,Jun–Aug 2019,65
860,5681.888923076923,2019,Winter,Jun–Aug 2019,65
865,5708.222,2019,Winter,Jun–Aug 2019,65
870,5722.244,2019,Winter,Jun–Aug 2019,65
875,5742.888,2019,Winter,Jun–Aug 2019,65
880,5775.475384615385,2019,Winter,Jun–Aug 2019,65
885,5785.939692307693,2019,Winter,Jun–Aug 2019,65
890,5796.349692307692,2019,Winter,Jun–Aug 2019,65
895,5825.465076923077,2019,Winter,Jun–Aug 2019,65
900,5834.094153846154,2019,Winter,Jun–Aug 2019,65
905,5855.917692307693,2019,Winter,Jun–Aug 2019,65
910,5891.650153846154,2019,Winter,Jun–Aug 2019,65
915,5927.805846153846,2019,Winter,Jun–Aug 2019,65
920,5950.428307692308,2019,Winter,Jun–Aug 2019,65
925,5990.43676923077,2019,Winter,Jun–Aug 2019,65
930,6025.2026153846155,2019,Winter,Jun–Aug 2019,65
935,6068.057076923077,2019,Winter,Jun–Aug 2019,65
940,6101.594,2019,Winter,Jun–Aug 2019,65
945,6148.281384615384,2019,Winter,Jun–Aug 2019,65
950,6174.910615384615,2019,Winter,Jun–Aug 2019,65
955,6224.1633846153845,2019,Winter,Jun–Aug 2019,65
960,6256.1,2019,Winter,Jun–Aug 2019,65
965,6301.474153846154,2019,Winter,Jun–Aug 2019,65
970,6341.185692307692,2019,Winter,Jun–Aug 2019,65
975,6387.667230769231,2019,Winter,Jun–Aug 2019,65
980,6426.474461538462,2019,Winter,Jun–Aug 2019,65
985,6491.172769230769,2019,Winter,Jun–Aug 2019,65
990,6535.893692307692,2019,Winter,Jun–Aug 2019,65
995,6592.226307692308,2019,Winter,Jun–Aug 2019,65
1000,6645.548,2019,Winter,Jun–Aug 2019,65
1005,6699.155692307692,2019,Winter,Jun–Aug 2019,65
1010,6745.034000000001,2019,Winter,Jun–Aug 2019,65
1015,6791.483846153847,2019,Winter,Jun–Aug 2019,65
1020,6862.766153846153,2019,Winter,Jun–Aug 2019,65
1025,6900.832769230769,2019,Winter,Jun–Aug 2019,65
1030,6974.982153846155,2019,Winter,Jun–Aug 2019,65
1035,6971.923384615385,2019,Winter,Jun–Aug 2019,65
1040,7027.446923076923,2019,Winter,Jun–Aug 2019,65
1045,7067.971692307692,2019,Winter,Jun–Aug 2019,65
1050,7118.466769230769,2019,Winter,Jun–Aug 2019,65
1055,7159.143384615385,2019,Winter,Jun–Aug 2019,65
1060,7211.023076923077,2019,Winter,Jun–Aug 2019,65
1065,7238.25,2019,Winter,Jun–Aug 2019,65
1070,7269.043230769231,2019,Winter,Jun–Aug 2019,65
1075,7283.276923076923,2019,Winter,Jun–Aug 2019,65
1080,7298.960923076924,2019,Winter,Jun–Aug 2019,65
1085,7292.912461538462,2019,Winter,Jun–Aug 2019,65
1090,7302.025846153846,2019,Winter,Jun–Aug 2019,65
1095,7317.338153846154,2019,Winter,Jun–Aug 2019,65
1100,7315.826923076923,2019,Winter,Jun–Aug 2019,65
1105,7327.766153846153,2019,Winter,Jun–Aug 2019,65
1110,7305.292923076922,2019,Winter,Jun–Aug 2019,65
1115,7369.151538461538,2019,Winter,Jun–Aug 2019,65
1120,7387.435076923078,2019,Winter,Jun–Aug 2019,65
1125,7362.960307692308,2019,Winter,Jun–Aug 2019,65
1130,7325.871230769231,2019,Winter,Jun–Aug 2019,65
1135,7294.327538461538,2019,Winter,Jun–Aug 2019,65
1140,7257.994,2019,Winter,Jun–Aug 2019,65
1145,7282.935846153847,2019,Winter,Jun–Aug 2019,65
1150,7262.199846153846,2019,Winter,Jun–Aug 2019,65
1155,7225.000923076923,2019,Winter,Jun–Aug 2019,65
1160,7177.313538461539,2019,Winter,Jun–Aug 2019,65
1165,7150.476461538461,2019,Winter,Jun–Aug 2019,65
1170,7111.552769230769,2019,Winter,Jun–Aug 2019,65
1175,7164.171076923077,2019,Winter,Jun–Aug 2019,65
1180,7159.423230769231,2019,Winter,Jun–Aug 2019,65
1185,7111.084923076924,2019,Winter,Jun–Aug 2019,65
1190,7155.94,2019,Winter,Jun–Aug 2019,65
1195,7125.867846153846,2019,Winter,Jun–Aug 2019,65
1200,7075.826,2019,Winter,Jun–Aug 2019,65
1205,7133.587846153847,2019,Winter,Jun–Aug 2019,65
1210,7127.390769230769,2019,Winter,Jun–Aug 2019,65
1215,7073.498923076923,2019,Winter,Jun–Aug 2019,65
1220,7008.476769230769,2019,Winter,Jun–Aug 2019,65
1225,7018.315076923077,2019,Winter,Jun–Aug 2019,65
1230,6977.848461538462,2019,Winter,Jun–Aug 2019,65
1235,6938.773846153846,2019,Winter,Jun–Aug 2019,65
1240,6900.1069230769235,2019,Winter,Jun–Aug 2019,65
1245,6920.874,2019,Winter,Jun–Aug 2019,65
1250,6891.717538461538,2019,Winter,Jun–Aug 2019,65
1255,6828.875538461538,2019,Winter,Jun–Aug 2019,65
1260,6769.664615384616,2019,Winter,Jun–Aug 2019,65
1265,6750.611384615385,2019,Winter,Jun–Aug 2019,65
1270,6749.208307692307,2019,Winter,Jun–Aug 2019,65
1275,6751.381076923077,2019,Winter,Jun–Aug 2019,65
1280,6714.699230769231,2019,Winter,Jun–Aug 2019,65
1285,6652.182615384615,2019,Winter,Jun–Aug 2019,65
1290,6599.918,2019,Winter,Jun–Aug 2019,65
1295,6604.370769230769,2019,Winter,Jun–Aug 2019,65
1300,6578.441692307692,2019,Winter,Jun–Aug 2019,65
1305,6512.575076923077,2019,Winter,Jun–Aug 2019,65
1310,6475.954307692307,2019,Winter,Jun–Aug 2019,65
1315,6422.772461538462,2019,Winter,Jun–Aug 2019,65
1320,6377.266307692307,2019,Winter,Jun–Aug 2019,65
1325,6413.173538461538,2019,Winter,Jun–Aug 2019,65
1330,6394.641846153846,2019,Winter,Jun–Aug 2019,65
1335,6365.2,2019,Winter,Jun–Aug 2019,65
1340,6346.113846153847,2019,Winter,Jun–Aug 2019,65
1345,6331.971692307692,2019,Winter,Jun–Aug 2019,65
1350,6314.243076923077,2019,Winter,Jun–Aug 2019,65
1355,6305.478615384615,2019,Winter,Jun–Aug 2019,65
1360,6284.945384615385,2019,Winter,Jun–Aug 2019,65
1365,6246.273538461538,2019,Winter,Jun–Aug 2019,65
1370,6216.287076923077,2019,Winter,Jun–Aug 2019,65
1375,6145.992615384615,2019,Winter,Jun–Aug 2019,65
1380,6092.852153846154,2019,Winter,Jun–Aug 2019,65
1385,6065.629846153846,2019,Winter,Jun–Aug 2019,65
1390,6043.213384615385,2019,Winter,Jun–Aug 2019,65
1395,6031.184153846153,2019,Winter,Jun–Aug 2019,65
1400,5973.962923076923,2019,Winter,Jun–Aug 2019,65
1405,5933.799384615385,2019,Winter,Jun–Aug 2019,65
1410,5887.783230769231,2019,Winter,Jun–Aug 2019,65
1415,5854.114153846153,2019,Winter,Jun–Aug 2019,65
1420,5814.709076923077,2019,Winter,Jun–Aug 2019,65
1425,5772.2,2019,Winter,Jun–Aug 2019,65
1430,5724.127846153846,2019,Winter,Jun–Aug 2019,65
1435,5673.899076923077,2019,Winter,Jun–Aug 2019,65
0,6233.949692307692,2020,Summer,Dec 2019–Feb 2020,65
5,6225.042615384616,2020,Summer,Dec 2019–Feb 2020,65
10,6206.513538461539,2020,Summer,Dec 2019–Feb 2020,65
15,6190.286769230769,2020,Summer,Dec 2019–Feb 2020,65
20,6155.8789230769235,2020,Summer,Dec 2019–Feb 2020,65
25,6118.445076923077,2020,Summer,Dec 2019–Feb 2020,65
30,6085.007076923077,2020,Summer,Dec 2019–Feb 2020,65
35,6073.475538461538,2020,Summer,Dec 2019–Feb 2020,65
40,6052.976153846154,2020,Summer,Dec 2019–Feb 2020,65
45,6033.924,2020,Summer,Dec 2019–Feb 2020,65
50,6007.740923076923,2020,Summer,Dec 2019–Feb 2020,65
55,5976.754461538461,2020,Summer,Dec 2019–Feb 2020,65
60,5975.158461538462,2020,Summer,Dec 2019–Feb 2020,65
65,5952.284923076923,2020,Summer,Dec 2019–Feb 2020,65
70,5947.07,2020,Summer,Dec 2019–Feb 2020,65
75,5935.187999999999,2020,Summer,Dec 2019–Feb 2020,65
80,5911.3953846153845,2020,Summer,Dec 2019–Feb 2020,65
85,5904.282153846154,2020,Summer,Dec 2019–Feb 2020,65
90,5900.233692307693,2020,Summer,Dec 2019–Feb 2020,65
95,5877.348461538462,2020,Summer,Dec 2019–Feb 2020,65
100,5864.023538461538,2020,Summer,Dec 2019–Feb 2020,65
105,5864.6124615384615,2020,Summer,Dec 2019–Feb 2020,65
110,5838.0081538461545,2020,Summer,Dec 2019–Feb 2020,65
115,5844.968923076923,2020,Summer,Dec 2019–Feb 2020,65
120,5829.356461538461,2020,Summer,Dec 2019–Feb 2020,65
125,5822.342153846153,2020,Summer,Dec 2019–Feb 2020,65
130,5827.3170769230765,2020,Summer,Dec 2019–Feb 2020,65
135,5814.881384615384,2020,Summer,Dec 2019–Feb 2020,65
140,5804.371538461539,2020,Summer,Dec 2019–Feb 2020,65
145,5796.322615384615,2020,Summer,Dec 2019–Feb 2020,65
150,5791.523230769231,2020,Summer,Dec 2019–Feb 2020,65
155,5785.866769230769,2020,Summer,Dec 2019–Feb 2020,65
160,5776.853538461538,2020,Summer,Dec 2019–Feb 2020,65
165,5777.934153846153,2020,Summer,Dec 2019–Feb 2020,65
170,5757.675846153846,2020,Summer,Dec 2019–Feb 2020,65
175,5770.556307692307,2020,Summer,Dec 2019–Feb 2020,65
180,5758.499076923077,2020,Summer,Dec 2019–Feb 2020,65
185,5769.794,2020,Summer,Dec 2019–Feb 2020,65
190,5763.037538461538,2020,Summer,Dec 2019–Feb 2020,65
195,5769.247230769231,2020,Summer,Dec 2019–Feb 2020,65
200,5764.827076923077,2020,Summer,Dec 2019–Feb 2020,65
205,5743.577384615385,2020,Summer,Dec 2019–Feb 2020,65
210,5749.13,2020,Summer,Dec 2019–Feb 2020,65
215,5743.679076923077,2020,Summer,Dec 2019–Feb 2020,65
220,5743.700615384615,2020,Summer,Dec 2019–Feb 2020,65
225,5733.859692307692,2020,Summer,Dec 2019–Feb 2020,65
230,5740.149230769231,2020,Summer,Dec 2019–Feb 2020,65
235,5746.4870769230765,2020,Summer,Dec 2019–Feb 2020,65
240,5756.213846153846,2020,Summer,Dec 2019–Feb 2020,65
245,5765.888615384615,2020,Summer,Dec 2019–Feb 2020,65
250,5776.023384615385,2020,Summer,Dec 2019–Feb 2020,65
255,5783.633538461539,2020,Summer,Dec 2019–Feb 2020,65
260,5785.922,2020,Summer,Dec 2019–Feb 2020,65
265,5797.215384615384,2020,Summer,Dec 2019–Feb 2020,65
270,5813.020153846154,2020,Summer,Dec 2019–Feb 2020,65
275,5809.7370769230765,2020,Summer,Dec 2019–Feb 2020,65
280,5831.077538461538,2020,Summer,Dec 2019–Feb 2020,65
285,5835.374923076923,2020,Summer,Dec 2019–Feb 2020,65
290,5850.5364615384615,2020,Summer,Dec 2019–Feb 2020,65
295,5858.494769230769,2020,Summer,Dec 2019–Feb 2020,65
300,5881.776153846154,2020,Summer,Dec 2019–Feb 2020,65
305,5899.114615384616,2020,Summer,Dec 2019–Feb 2020,65
310,5944.313538461539,2020,Summer,Dec 2019–Feb 2020,65
315,5948.667384615384,2020,Summer,Dec 2019–Feb 2020,65
320,5981.891692307692,2020,Summer,Dec 2019–Feb 2020,65
325,5972.598153846154,2020,Summer,Dec 2019–Feb 2020,65
330,5990.612615384615,2020,Summer,Dec 2019–Feb 2020,65
335,6003.033384615384,2020,Summer,Dec 2019–Feb 2020,65
340,6027.560307692307,2020,Summer,Dec 2019–Feb 2020,65
345,6044.047076923077,2020,Summer,Dec 2019–Feb 2020,65
350,6049.047846153846,2020,Summer,Dec 2019–Feb 2020,65
355,6076.9870769230765,2020,Summer,Dec 2019–Feb 2020,65
360,6107.939230769231,2020,Summer,Dec 2019–Feb 2020,65
365,6176.874769230769,2020,Summer,Dec 2019–Feb 2020,65
370,6247.033384615384,2020,Summer,Dec 2019–Feb 2020,65
375,6285.053076923077,2020,Summer,Dec 2019–Feb 2020,65
380,6322.736153846154,2020,Summer,Dec 2019–Feb 2020,65
385,6347.114307692307,2020,Summer,Dec 2019–Feb 2020,65
390,6388.037538461538,2020,Summer,Dec 2019–Feb 2020,65
395,6421.472923076923,2020,Summer,Dec 2019–Feb 2020,65
400,6432.069846153846,2020,Summer,Dec 2019–Feb 2020,65
405,6463.6696923076925,2020,Summer,Dec 2019–Feb 2020,65
410,6485.118461538462,2020,Summer,Dec 2019–Feb 2020,65
415,6512.182000000001,2020,Summer,Dec 2019–Feb 2020,65
420,6546.524615384615,2020,Summer,Dec 2019–Feb 2020,65
425,6623.246,2020,Summer,Dec 2019–Feb 2020,65
430,6674.81,2020,Summer,Dec 2019–Feb 2020,65
435,6675.546,2020,Summer,Dec 2019–Feb 2020,65
440,6678.414461538461,2020,Summer,Dec 2019–Feb 2020,65
445,6689.622153846154,2020,Summer,Dec 2019–Feb 2020,65
450,6696.589846153846,2020,Summer,Dec 2019–Feb 2020,65
455,6709.9886153846155,2020,Summer,Dec 2019–Feb 2020,65
460,6722.417230769231,2020,Summer,Dec 2019–Feb 2020,65
465,6728.036615384615,2020,Summer,Dec 2019–Feb 2020,65
470,6715.754923076923,2020,Summer,Dec 2019–Feb 2020,65
475,6731.0701538461535,2020,Summer,Dec 2019–Feb 2020,65
480,6736.81676923077,2020,Summer,Dec 2019–Feb 2020,65
485,6749.222923076923,2020,Summer,Dec 2019–Feb 2020,65
490,6768.001076923077,2020,Summer,Dec 2019–Feb 2020,65
495,6759.494307692308,2020,Summer,Dec 2019–Feb 2020,65
500,6752.478,2020,Summer,Dec 2019–Feb 2020,65
505,6751.073384615385,2020,Summer,Dec 2019–Feb 2020,65
510,6754.042461538462,2020,Summer,Dec 2019–Feb 2020,65
515,6745.465692307693,2020,Summer,Dec 2019–Feb 2020,65
520,6772.2370769230765,2020,Summer,Dec 2019–Feb 2020,65
525,6757.051692307692,2020,Summer,Dec 2019–Feb 2020,65
530,6757.6939999999995,2020,Summer,Dec 2019–Feb 2020,65
535,6770.635846153847,2020,Summer,Dec 2019–Feb 2020,65
540,6767.440615384616,2020,Summer,Dec 2019–Feb 2020,65
545,6781.766307692307,2020,Summer,Dec 2019–Feb 2020,65
550,6782.296923076923,2020,Summer,Dec 2019–Feb 2020,65
555,6778.692923076923,2020,Summer,Dec 2019–Feb 2020,65
560,6758.0081538461545,2020,Summer,Dec 2019–Feb 2020,65
565,6753.825846153846,2020,Summer,Dec 2019–Feb 2020,65
570,6770.406307692308,2020,Summer,Dec 2019–Feb 2020,65
575,6760.475846153846,2020,Summer,Dec 2019–Feb 2020,65
580,6769.990307692307,2020,Summer,Dec 2019–Feb 2020,65
585,6760.219230769231,2020,Summer,Dec 2019–Feb 2020,65
590,6768.460923076924,2020,Summer,Dec 2019–Feb 2020,65
595,6776.4133846153845,2020,Summer,Dec 2019–Feb 2020,65
600,6790.487538461539,2020,Summer,Dec 2019–Feb 2020,65
605,6801.774461538461,2020,Summer,Dec 2019–Feb 2020,65
610,6792.88323076923,2020,Summer,Dec 2019–Feb 2020,65
615,6812.214307692308,2020,Summer,Dec 2019–Feb 2020,65
620,6795.086,2020,Summer,Dec 2019–Feb 2020,65
625,6802.752461538462,2020,Summer,Dec 2019–Feb 2020,65
630,6820.059384615384,2020,Summer,Dec 2019–Feb 2020,65
635,6825.252,2020,Summer,Dec 2019–Feb 2020,65
640,6834.178923076923,2020,Summer,Dec 2019–Feb 2020,65
645,6838.667692307693,2020,Summer,Dec 2019–Feb 2020,65
650,6835.602461538461,2020,Summer,Dec 2019–Feb 2020,65
655,6839.9024615384615,2020,Summer,Dec 2019–Feb 2020,65
660,6832.6304615384615,2020,Summer,Dec 2019–Feb 2020,65
665,6844.269846153846,2020,Summer,Dec 2019–Feb 2020,65
670,6858.182000000001,2020,Summer,Dec 2019–Feb 2020,65
675,6863.069076923077,2020,Summer,Dec 2019–Feb 2020,65
680,6868.2330769230775,2020,Summer,Dec 2019–Feb 2020,65
685,6872.359692307692,2020,Summer,Dec 2019–Feb 2020,65
690,6874.938615384615,2020,Summer,Dec 2019–Feb 2020,65
695,6885.754,2020,Summer,Dec 2019–Feb 2020,65
700,6904.080153846154,2020,Summer,Dec 2019–Feb 2020,65
705,6918.485846153846,2020,Summer,Dec 2019–Feb 2020,65
710,6926.9439999999995,2020,Summer,Dec 2019–Feb 2020,65
715,6935.7832307692315,2020,Summer,Dec 2019–Feb 2020,65
720,6931.143692307693,2020,Summer,Dec 2019–Feb 2020,65
725,6958.931384615385,2020,Summer,Dec 2019–Feb 2020,65
730,6977.294153846154,2020,Summer,Dec 2019–Feb 2020,65
735,7001.203230769231,2020,Summer,Dec 2019–Feb 2020,65
740,7002.311230769231,2020,Summer,Dec 2019–Feb 2020,65
745,6999.368615384616,2020,Summer,Dec 2019–Feb 2020,65
750,7025.575384615385,2020,Summer,Dec 2019–Feb 2020,65
755,7035.092307692307,2020,Summer,Dec 2019–Feb 2020,65
760,7063.865230769231,2020,Summer,Dec 2019–Feb 2020,65
765,7086.187538461539,2020,Summer,Dec 2019–Feb 2020,65
770,7091.811384615385,2020,Summer,Dec 2019–Feb 2020,65
775,7094.380769230769,2020,Summer,Dec 2019–Feb 2020,65
780,7118.837846153847,2020,Summer,Dec 2019–Feb 2020,65
785,7147.453846153846,2020,Summer,Dec 2019–Feb 2020,65
790,7159.185846153847,2020,Summer,Dec 2019–Feb 2020,65
795,7189.373538461538,2020,Summer,Dec 2019–Feb 2020,65
800,7208.196769230769,2020,Summer,Dec 2019–Feb 2020,65
805,7204.704769230769,2020,Summer,Dec 2019–Feb 2020,65
810,7222.576769230769,2020,Summer,Dec 2019–Feb 2020,65
815,7257.012000000001,2020,Summer,Dec 2019–Feb 2020,65
820,7276.106461538461,2020,Summer,Dec 2019–Feb 2020,65
825,7300.6304615384615,2020,Summer,Dec 2019–Feb 2020,65
830,7323.9126153846155,2020,Summer,Dec 2019–Feb 2020,65
835,7334.582461538462,2020,Summer,Dec 2019–Feb 2020,65
840,7365.829846153846,2020,Summer,Dec 2019–Feb 2020,65
845,7379.632153846154,2020,Summer,Dec 2019–Feb 2020,65
850,7417.9863076923075,2020,Summer,Dec 2019–Feb 2020,65
855,7456.769076923077,2020,Summer,Dec 2019–Feb 2020,65
860,7465.7636923076925,2020,Summer,Dec 2019–Feb 2020,65
865,7471.973384615385,2020,Summer,Dec 2019–Feb 2020,65
870,7500.346153846154,2020,Summer,Dec 2019–Feb 2020,65
875,7512.932000000001,2020,Summer,Dec 2019–Feb 2020,65
880,7550.348307692308,2020,Summer,Dec 2019–Feb 2020,65
885,7591.171076923077,2020,Summer,Dec 2019–Feb 2020,65
890,7600.030769230769,2020,Summer,Dec 2019–Feb 2020,65
895,7644.205384615384,2020,Summer,Dec 2019–Feb 2020,65
900,7659.142153846154,2020,Summer,Dec 2019–Feb 2020,65
905,7677.532615384615,2020,Summer,Dec 2019–Feb 2020,65
910,7714.408461538462,2020,Summer,Dec 2019–Feb 2020,65
915,7742.228615384615,2020,Summer,Dec 2019–Feb 2020,65
920,7777.967846153846,2020,Summer,Dec 2019–Feb 2020,65
925,7814.420923076923,2020,Summer,Dec 2019–Feb 2020,65
930,7845.713384615385,2020,Summer,Dec 2019–Feb 2020,65
935,7886.571538461539,2020,Summer,Dec 2019–Feb 2020,65
940,7906.063999999999,2020,Summer,Dec 2019–Feb 2020,65
945,7945.415846153846,2020,Summer,Dec 2019–Feb 2020,65
950,7971.9321538461545,2020,Summer,Dec 2019–Feb 2020,65
955,7996.0419999999995,2020,Summer,Dec 2019–Feb 2020,65
960,8010.843384615385,2020,Summer,Dec 2019–Feb 2020,65
965,8043.863692307693,2020,Summer,Dec 2019–Feb 2020,65
970,8066.234769230769,2020,Summer,Dec 2019–Feb 2020,65
975,8097.895538461538,2020,Summer,Dec 2019–Feb 2020,65
980,8125.793692307692,2020,Summer,Dec 2019–Feb 2020,65
985,8154.205538461538,2020,Summer,Dec 2019–Feb 2020,65
990,8168.269692307693,2020,Summer,Dec 2019–Feb 2020,65
995,8194.827384615384,2020,Summer,Dec 2019–Feb 2020,65
1000,8221.710153846154,2020,Summer,Dec 2019–Feb 2020,65
1005,8243.330923076923,2020,Summer,Dec 2019–Feb 2020,65
1010,8273.681384615385,2020,Summer,Dec 2019–Feb 2020,65
1015,8277.174769230769,2020,Summer,Dec 2019–Feb 2020,65
1020,8295.346615384617,2020,Summer,Dec 2019–Feb 2020,65
1025,8292.134153846153,2020,Summer,Dec 2019–Feb 2020,65
1030,8297.338461538462,2020,Summer,Dec 2019–Feb 2020,65
1035,8269.676,2020,Summer,Dec 2019–Feb 2020,65
1040,8268.60323076923,2020,Summer,Dec 2019–Feb 2020,65
1045,8272.069384615384,2020,Summer,Dec 2019–Feb 2020,65
1050,8284.930153846153,2020,Summer,Dec 2019–Feb 2020,65
1055,8285.969230769231,2020,Summer,Dec 2019–Feb 2020,65
1060,8296.1,2020,Summer,Dec 2019–Feb 2020,65
1065,8291.523692307694,2020,Summer,Dec 2019–Feb 2020,65
1070,8284.845076923077,2020,Summer,Dec 2019–Feb 2020,65
1075,8281.491538461538,2020,Summer,Dec 2019–Feb 2020,65
1080,8293.350615384616,2020,Summer,Dec 2019–Feb 2020,65
1085,8251.180307692308,2020,Summer,Dec 2019–Feb 2020,65
1090,8227.780153846154,2020,Summer,Dec 2019–Feb 2020,65
1095,8229.258769230768,2020,Summer,Dec 2019–Feb 2020,65
1100,8237.33,2020,Summer,Dec 2019–Feb 2020,65
1105,8237.960923076922,2020,Summer,Dec 2019–Feb 2020,65
1110,8232.724923076923,2020,Summer,Dec 2019–Feb 2020,65
1115,8296.09,2020,Summer,Dec 2019–Feb 2020,65
1120,8327.739538461537,2020,Summer,Dec 2019–Feb 2020,65
1125,8324.571846153847,2020,Summer,Dec 2019–Feb 2020,65
1130,8318.878769230769,2020,Summer,Dec 2019–Feb 2020,65
1135,8291.111384615384,2020,Summer,Dec 2019–Feb 2020,65
1140,8294.301538461537,2020,Summer,Dec 2019–Feb 2020,65
1145,8350.368769230769,2020,Summer,Dec 2019–Feb 2020,65
1150,8325.546,2020,Summer,Dec 2019–Feb 2020,65
1155,8290.237384615384,2020,Summer,Dec 2019–Feb 2020,65
1160,8263.681692307693,2020,Summer,Dec 2019–Feb 2020,65
1165,8222.27676923077,2020,Summer,Dec 2019–Feb 2020,65
1170,8186.102153846154,2020,Summer,Dec 2019–Feb 2020,65
1175,8245.983999999999,2020,Summer,Dec 2019–Feb 2020,65
1180,8247.563384615385,2020,Summer,Dec 2019–Feb 2020,65
1185,8181.241538461538,2020,Summer,Dec 2019–Feb 2020,65
1190,8194.476153846153,2020,Summer,Dec 2019–Feb 2020,65
1195,8131.273999999999,2020,Summer,Dec 2019–Feb 2020,65
1200,8081.957230769231,2020,Summer,Dec 2019–Feb 2020,65
1205,8107.943846153846,2020,Summer,Dec 2019–Feb 2020,65
1210,8073.130769230769,2020,Summer,Dec 2019–Feb 2020,65
1215,8024.758923076924,2020,Summer,Dec 2019–Feb 2020,65
1220,7935.120153846154,2020,Summer,Dec 2019–Feb 2020,65
1225,7925.476153846154,2020,Summer,Dec 2019–Feb 2020,65
1230,7882.016153846153,2020,Summer,Dec 2019–Feb 2020,65
1235,7818.428153846154,2020,Summer,Dec 2019–Feb 2020,65
1240,7782.465692307693,2020,Summer,Dec 2019–Feb 2020,65
1245,7810.077076923077,2020,Summer,Dec 2019–Feb 2020,65
1250,7766.273384615385,2020,Summer,Dec 2019–Feb 2020,65
1255,7692.452,2020,Summer,Dec 2019–Feb 2020,65
1260,7632.093230769231,2020,Summer,Dec 2019–Feb 2020,65
1265,7592.026615384615,2020,Summer,Dec 2019–Feb 2020,65
1270,7594.486615384615,2020,Summer,Dec 2019–Feb 2020,65
1275,7572.683076923077,2020,Summer,Dec 2019–Feb 2020,65
1280,7532.834615384615,2020,Summer,Dec 2019–Feb 2020,65
1285,7482.717846153846,2020,Summer,Dec 2019–Feb 2020,65
1290,7418.823076923077,2020,Summer,Dec 2019–Feb 2020,65
1295,7405.485538461538,2020,Summer,Dec 2019–Feb 2020,65
1300,7352.023846153846,2020,Summer,Dec 2019–Feb 2020,65
1305,7288.173076923077,2020,Summer,Dec 2019–Feb 2020,65
1310,7243.078461538461,2020,Summer,Dec 2019–Feb 2020,65
1315,7172.248615384615,2020,Summer,Dec 2019–Feb 2020,65
1320,7122.103538461538,2020,Summer,Dec 2019–Feb 2020,65
1325,7163.605692307692,2020,Summer,Dec 2019–Feb 2020,65
1330,7146.370153846154,2020,Summer,Dec 2019–Feb 2020,65
1335,7073.24,2020,Summer,Dec 2019–Feb 2020,65
1340,7058.096153846154,2020,Summer,Dec 2019–Feb 2020,65
1345,7040.5,2020,Summer,Dec 2019–Feb 2020,65
1350,7020.773538461539,2020,Summer,Dec 2019–Feb 2020,65
1355,7000.970153846154,2020,Summer,Dec 2019–Feb 2020,65
1360,6974.119076923077,2020,Summer,Dec 2019–Feb 2020,65
1365,6927.921538461539,2020,Summer,Dec 2019–Feb 2020,65
1370,6881.982461538461,2020,Summer,Dec 2019–Feb 2020,65
1375,6812.958615384616,2020,Summer,Dec 2019–Feb 2020,65
1380,6754.6524615384615,2020,Summer,Dec 2019–Feb 2020,65
1385,6701.897230769231,2020,Summer,Dec 2019–Feb 2020,65
1390,6676.853692307692,2020,Summer,Dec 2019–Feb 2020,65
1395,6648.727384615385,2020,Summer,Dec 2019–Feb 2020,65
1400,6586.601538461538,2020,Summer,Dec 2019–Feb 2020,65
1405,6547.857846153846,2020,Summer,Dec 2019–Feb 2020,65
1410,6499.556615384616,2020,Summer,Dec 2019–Feb 2020,65
1415,6469.057538461539,2020,Summer,Dec 2019–Feb 2020,65
1420,6416.923076923077,2020,Summer,Dec 2019–Feb 2020,65
1425,6383.007230769231,2020,Summer,Dec 2019–Feb 2020,65
1430,6347.834615384615,2020,Summer,Dec 2019–Feb 2020,65
1435,6282.206153846154,2020,Summer,Dec 2019–Feb 2020,65
0,5551.040909090909,2020,Winter,Jun–Aug 2020,66
5,5522.460606060607,2020,Winter,Jun–Aug 2020,66
10,5509.602727272728,2020,Winter,Jun–Aug 2020,66
15,5469.046363636364,2020,Winter,Jun–Aug 2020,66
20,5443.866969696969,2020,Winter,Jun–Aug 2020,66
25,5410.408636363637,2020,Winter,Jun–Aug 2020,66
30,5378.441212121212,2020,Winter,Jun–Aug 2020,66
35,5354.475303030303,2020,Winter,Jun–Aug 2020,66
40,5342.771818181818,2020,Winter,Jun–Aug 2020,66
45,5325.245,2020,Winter,Jun–Aug 2020,66
50,5301.03106060606,2020,Winter,Jun–Aug 2020,66
55,5272.448636363636,2020,Winter,Jun–Aug 2020,66
60,5253.629545454545,2020,Winter,Jun–Aug 2020,66
65,5241.928636363636,2020,Winter,Jun–Aug 2020,66
70,5236.686212121212,2020,Winter,Jun–Aug 2020,66
75,5207.296515151515,2020,Winter,Jun–Aug 2020,66
80,5191.7451515151515,2020,Winter,Jun–Aug 2020,66
85,5176.169393939394,2020,Winter,Jun–Aug 2020,66
90,5162.795151515151,2020,Winter,Jun–Aug 2020,66
95,5155.196212121213,2020,Winter,Jun–Aug 2020,66
100,5147.345,2020,Winter,Jun–Aug 2020,66
105,5132.737121212122,2020,Winter,Jun–Aug 2020,66
110,5123.904090909091,2020,Winter,Jun–Aug 2020,66
115,5108.511212121212,2020,Winter,Jun–Aug 2020,66
120,5106.337424242424,2020,Winter,Jun–Aug 2020,66
125,5100.459696969698,2020,Winter,Jun–Aug 2020,66
130,5100.050454545455,2020,Winter,Jun–Aug 2020,66
135,5087.000606060606,2020,Winter,Jun–Aug 2020,66
140,5085.14196969697,2020,Winter,Jun–Aug 2020,66
145,5085.779090909091,2020,Winter,Jun–Aug 2020,66
150,5079.174696969698,2020,Winter,Jun–Aug 2020,66
155,5064.467272727273,2020,Winter,Jun–Aug 2020,66
160,5063.561818181818,2020,Winter,Jun–Aug 2020,66
165,5056.295151515151,2020,Winter,Jun–Aug 2020,66
170,5065.948939393939,2020,Winter,Jun–Aug 2020,66
175,5048.98696969697,2020,Winter,Jun–Aug 2020,66
180,5057.617575757576,2020,Winter,Jun–Aug 2020,66
185,5054.870454545455,2020,Winter,Jun–Aug 2020,66
190,5061.639242424242,2020,Winter,Jun–Aug 2020,66
195,5060.478484848485,2020,Winter,Jun–Aug 2020,66
200,5061.9984848484855,2020,Winter,Jun–Aug 2020,66
205,5060.18393939394,2020,Winter,Jun–Aug 2020,66
210,5063.6239393939395,2020,Winter,Jun–Aug 2020,66
215,5067.712424242424,2020,Winter,Jun–Aug 2020,66
220,5072.8701515151515,2020,Winter,Jun–Aug 2020,66
225,5078.822727272727,2020,Winter,Jun–Aug 2020,66
230,5077.27,2020,Winter,Jun–Aug 2020,66
235,5084.5022727272735,2020,Winter,Jun–Aug 2020,66
240,5097.009696969697,2020,Winter,Jun–Aug 2020,66
245,5114.6525757575755,2020,Winter,Jun–Aug 2020,66
250,5136.36590909091,2020,Winter,Jun–Aug 2020,66
255,5157.631818181819,2020,Winter,Jun–Aug 2020,66
260,5169.041515151515,2020,Winter,Jun–Aug 2020,66
265,5169.9674242424235,2020,Winter,Jun–Aug 2020,66
270,5191.485606060606,2020,Winter,Jun–Aug 2020,66
275,5208.958181818181,2020,Winter,Jun–Aug 2020,66
280,5235.094848484849,2020,Winter,Jun–Aug 2020,66
285,5253.551060606061,2020,Winter,Jun–Aug 2020,66
290,5291.648333333333,2020,Winter,Jun–Aug 2020,66
295,5314.308636363637,2020,Winter,Jun–Aug 2020,66
300,5350.204090909091,2020,Winter,Jun–Aug 2020,66
305,5403.179696969697,2020,Winter,Jun–Aug 2020,66
310,5468.914545454545,2020,Winter,Jun–Aug 2020,66
315,5497.586212121212,2020,Winter,Jun–Aug 2020,66
320,5530.787424242424,2020,Winter,Jun–Aug 2020,66
325,5559.806212121212,2020,Winter,Jun–Aug 2020,66
330,5602.959848484848,2020,Winter,Jun–Aug 2020,66
335,5641.375606060606,2020,Winter,Jun–Aug 2020,66
340,5695.02303030303,2020,Winter,Jun–Aug 2020,66
345,5731.160303030303,2020,Winter,Jun–Aug 2020,66
350,5779.557121212121,2020,Winter,Jun–Aug 2020,66
355,5829.575,2020,Winter,Jun–Aug 2020,66
360,5898.297272727273,2020,Winter,Jun–Aug 2020,66
365,5992.694090909091,2020,Winter,Jun–Aug 2020,66
370,6091.131212121211,2020,Winter,Jun–Aug 2020,66
375,6152.768484848484,2020,Winter,Jun–Aug 2020,66
380,6217.445303030303,2020,Winter,Jun–Aug 2020,66
385,6266.43696969697,2020,Winter,Jun–Aug 2020,66
390,6329.330757575758,2020,Winter,Jun–Aug 2020,66
395,6401.573333333334,2020,Winter,Jun–Aug 2020,66
400,6447.986212121213,2020,Winter,Jun–Aug 2020,66
405,6506.332878787878,2020,Winter,Jun–Aug 2020,66
410,6555.401969696969,2020,Winter,Jun–Aug 2020,66
415,6610.74303030303,2020,Winter,Jun–Aug 2020,66
420,6667.425454545455,2020,Winter,Jun–Aug 2020,66
425,6735.884848484849,2020,Winter,Jun–Aug 2020,66
430,6790.828787878788,2020,Winter,Jun–Aug 2020,66
435,6808.237424242424,2020,Winter,Jun–Aug 2020,66
440,6803.789545454545,2020,Winter,Jun–Aug 2020,66
445,6811.279393939394,2020,Winter,Jun–Aug 2020,66
450,6800.6466666666665,2020,Winter,Jun–Aug 2020,66
455,6777.9783333333335,2020,Winter,Jun–Aug 2020,66
460,6761.770303030303,2020,Winter,Jun–Aug 2020,66
465,6733.899090909092,2020,Winter,Jun–Aug 2020,66
470,6681.289545454545,2020,Winter,Jun–Aug 2020,66
475,6631.739242424243,2020,Winter,Jun–Aug 2020,66
480,6590.448333333334,2020,Winter,Jun–Aug 2020,66
485,6536.818939393939,2020,Winter,Jun–Aug 2020,66
490,6494.426666666666,2020,Winter,Jun–Aug 2020,66
495,6441.498333333334,2020,Winter,Jun–Aug 2020,66
500,6373.60303030303,2020,Winter,Jun–Aug 2020,66
505,6314.872424242424,2020,Winter,Jun–Aug 2020,66
510,6255.067424242425,2020,Winter,Jun–Aug 2020,66
515,6191.740606060606,2020,Winter,Jun–Aug 2020,66
520,6166.512878787878,2020,Winter,Jun–Aug 2020,66
525,6105.029848484848,2020,Winter,Jun–Aug 2020,66
530,6056.667878787879,2020,Winter,Jun–Aug 2020,66
535,5993.450757575758,2020,Winter,Jun–Aug 2020,66
540,5963.461969696969,2020,Winter,Jun–Aug 2020,66
545,5902.358484848484,2020,Winter,Jun–Aug 2020,66
550,5871.216060606061,2020,Winter,Jun–Aug 2020,66
555,5836.255151515152,2020,Winter,Jun–Aug 2020,66
560,5764.5275757575755,2020,Winter,Jun–Aug 2020,66
565,5714.55893939394,2020,Winter,Jun–Aug 2020,66
570,5676.628484848485,2020,Winter,Jun–Aug 2020,66
575,5630.003333333333,2020,Winter,Jun–Aug 2020,66
580,5609.847727272728,2020,Winter,Jun–Aug 2020,66
585,5562.634696969697,2020,Winter,Jun–Aug 2020,66
590,5518.835757575757,2020,Winter,Jun–Aug 2020,66
595,5484.155151515151,2020,Winter,Jun–Aug 2020,66
600,5462.38696969697,2020,Winter,Jun–Aug 2020,66
605,5435.806212121212,2020,Winter,Jun–Aug 2020,66
610,5392.736212121213,2020,Winter,Jun–Aug 2020,66
615,5351.647272727272,2020,Winter,Jun–Aug 2020,66
620,5311.875909090909,2020,Winter,Jun–Aug 2020,66
625,5292.460454545455,2020,Winter,Jun–Aug 2020,66
630,5262.951515151515,2020,Winter,Jun–Aug 2020,66
635,5248.973484848485,2020,Winter,Jun–Aug 2020,66
640,5238.045606060607,2020,Winter,Jun–Aug 2020,66
645,5190.400757575758,2020,Winter,Jun–Aug 2020,66
650,5184.639696969696,2020,Winter,Jun–Aug 2020,66
655,5157.229242424242,2020,Winter,Jun–Aug 2020,66
660,5138.398333333333,2020,Winter,Jun–Aug 2020,66
665,5112.197878787879,2020,Winter,Jun–Aug 2020,66
670,5109.689090909091,2020,Winter,Jun–Aug 2020,66
675,5089.198333333334,2020,Winter,Jun–Aug 2020,66
680,5069.700151515151,2020,Winter,Jun–Aug 2020,66
685,5062.939090909091,2020,Winter,Jun–Aug 2020,66
690,5046.6163636363635,2020,Winter,Jun–Aug 2020,66
695,5045.642727272727,2020,Winter,Jun–Aug 2020,66
700,5044.350606060606,2020,Winter,Jun–Aug 2020,66
705,5026.936515151515,2020,Winter,Jun–Aug 2020,66
710,5028.093484848485,2020,Winter,Jun–Aug 2020,66
715,5030.212575757576,2020,Winter,Jun–Aug 2020,66
720,5025.010151515151,2020,Winter,Jun–Aug 2020,66
725,5021.840757575757,2020,Winter,Jun–Aug 2020,66
730,5042.02696969697,2020,Winter,Jun–Aug 2020,66
735,5033.530303030303,2020,Winter,Jun–Aug 2020,66
740,5039.159848484848,2020,Winter,Jun–Aug 2020,66
745,5026.455454545455,2020,Winter,Jun–Aug 2020,66
750,5045.128030303031,2020,Winter,Jun–Aug 2020,66
755,5034.095151515152,2020,Winter,Jun–Aug 2020,66
760,5047.252575757576,2020,Winter,Jun–Aug 2020,66
765,5056.744242424243,2020,Winter,Jun–Aug 2020,66
770,5049.024848484849,2020,Winter,Jun–Aug 2020,66
775,5057.766363636364,2020,Winter,Jun–Aug 2020,66
780,5059.448333333333,2020,Winter,Jun–Aug 2020,66
785,5066.792575757576,2020,Winter,Jun–Aug 2020,66
790,5090.450757575758,2020,Winter,Jun–Aug 2020,66
795,5096.650757575758,2020,Winter,Jun–Aug 2020,66
800,5114.3474242424245,2020,Winter,Jun–Aug 2020,66
805,5120.583636363636,2020,Winter,Jun–Aug 2020,66
810,5119.122424242424,2020,Winter,Jun–Aug 2020,66
815,5149.690757575758,2020,Winter,Jun–Aug 2020,66
820,5164.216515151515,2020,Winter,Jun–Aug 2020,66
825,5191.438181818182,2020,Winter,Jun–Aug 2020,66
830,5209.864848484849,2020,Winter,Jun–Aug 2020,66
835,5221.981818181818,2020,Winter,Jun–Aug 2020,66
840,5235.609393939393,2020,Winter,Jun–Aug 2020,66
845,5268.238787878788,2020,Winter,Jun–Aug 2020,66
850,5293.421666666667,2020,Winter,Jun–Aug 2020,66
855,5327.248333333334,2020,Winter,Jun–Aug 2020,66
860,5344.538787878788,2020,Winter,Jun–Aug 2020,66
865,5374.082121212121,2020,Winter,Jun–Aug 2020,66
870,5398.278939393939,2020,Winter,Jun–Aug 2020,66
875,5435.382121212122,2020,Winter,Jun–Aug 2020,66
880,5464.537727272727,2020,Winter,Jun–Aug 2020,66
885,5483.188636363637,2020,Winter,Jun–Aug 2020,66
890,5499.3772727272735,2020,Winter,Jun–Aug 2020,66
895,5543.557424242424,2020,Winter,Jun–Aug 2020,66
900,5566.783181818182,2020,Winter,Jun–Aug 2020,66
905,5577.127424242425,2020,Winter,Jun–Aug 2020,66
910,5637.3777272727275,2020,Winter,Jun–Aug 2020,66
915,5677.367424242424,2020,Winter,Jun–Aug 2020,66
920,5706.845909090909,2020,Winter,Jun–Aug 2020,66
925,5744.934242424242,2020,Winter,Jun–Aug 2020,66
930,5801.701212121212,2020,Winter,Jun–Aug 2020,66
935,5849.400606060606,2020,Winter,Jun–Aug 2020,66
940,5906.594696969697,2020,Winter,Jun–Aug 2020,66
945,5945.742575757576,2020,Winter,Jun–Aug 2020,66
950,5987.101212121212,2020,Winter,Jun–Aug 2020,66
955,6041.022575757575,2020,Winter,Jun–Aug 2020,66
960,6081.267272727273,2020,Winter,Jun–Aug 2020,66
965,6126.617272727272,2020,Winter,Jun–Aug 2020,66
970,6174.269848484849,2020,Winter,Jun–Aug 2020,66
975,6226.537272727273,2020,Winter,Jun–Aug 2020,66
980,6279.242424242424,2020,Winter,Jun–Aug 2020,66
985,6340.476515151516,2020,Winter,Jun–Aug 2020,66
990,6399.394242424242,2020,Winter,Jun–Aug 2020,66
995,6461.228484848485,2020,Winter,Jun–Aug 2020,66
1000,6532.599090909091,2020,Winter,Jun–Aug 2020,66
1005,6592.049393939394,2020,Winter,Jun–Aug 2020,66
1010,6649.960454545455,2020,Winter,Jun–Aug 2020,66
1015,6712.8777272727275,2020,Winter,Jun–Aug 2020,66
1020,6791.322424242425,2020,Winter,Jun–Aug 2020,66
1025,6845.45803030303,2020,Winter,Jun–Aug 2020,66
1030,6900.670303030303,2020,Winter,Jun–Aug 2020,66
1035,6911.436363636363,2020,Winter,Jun–Aug 2020,66
1040,6955.582424242424,2020,Winter,Jun–Aug 2020,66
1045,7008.482878787879,2020,Winter,Jun–Aug 2020,66
1050,7083.244545454546,2020,Winter,Jun–Aug 2020,66
1055,7134.389393939394,2020,Winter,Jun–Aug 2020,66
1060,7185.218030303031,2020,Winter,Jun–Aug 2020,66
1065,7222.029545454546,2020,Winter,Jun–Aug 2020,66
1070,7242.20090909091,2020,Winter,Jun–Aug 2020,66
1075,7280.143787878787,2020,Winter,Jun–Aug 2020,66
1080,7312.051212121212,2020,Winter,Jun–Aug 2020,66
1085,7291.271060606061,2020,Winter,Jun–Aug 2020,66
1090,7296.81803030303,2020,Winter,Jun–Aug 2020,66
1095,7310.495757575757,2020,Winter,Jun–Aug 2020,66
1100,7299.865151515151,2020,Winter,Jun–Aug 2020,66
1105,7305.114848484849,2020,Winter,Jun–Aug 2020,66
1110,7291.690303030303,2020,Winter,Jun–Aug 2020,66
1115,7365.144545454546,2020,Winter,Jun–Aug 2020,66
1120,7381.799696969697,2020,Winter,Jun–Aug 2020,66
1125,7352.070151515151,2020,Winter,Jun–Aug 2020,66
1130,7305.543181818181,2020,Winter,Jun–Aug 2020,66
1135,7275.659545454545,2020,Winter,Jun–Aug 2020,66
1140,7234.944545454546,2020,Winter,Jun–Aug 2020,66
1145,7257.248181818182,2020,Winter,Jun–Aug 2020,66
1150,7241.0010606060605,2020,Winter,Jun–Aug 2020,66
1155,7204.180606060606,2020,Winter,Jun–Aug 2020,66
1160,7152.48696969697,2020,Winter,Jun–Aug 2020,66
1165,7121.864696969697,2020,Winter,Jun–Aug 2020,66
1170,7087.229848484848,2020,Winter,Jun–Aug 2020,66
1175,7139.975454545454,2020,Winter,Jun–Aug 2020,66
1180,7130.980909090909,2020,Winter,Jun–Aug 2020,66
1185,7082.509696969697,2020,Winter,Jun–Aug 2020,66
1190,7119.465,2020,Winter,Jun–Aug 2020,66
1195,7077.1840909090915,2020,Winter,Jun–Aug 2020,66
1200,7035.421515151515,2020,Winter,Jun–Aug 2020,66
1205,7078.250909090909,2020,Winter,Jun–Aug 2020,66
1210,7069.732727272727,2020,Winter,Jun–Aug 2020,66
1215,7005.094696969697,2020,Winter,Jun–Aug 2020,66
1220,6940.3393939393945,2020,Winter,Jun–Aug 2020,66
1225,6945.668030303031,2020,Winter,Jun–Aug 2020,66
1230,6902.266515151516,2020,Winter,Jun–Aug 2020,66
1235,6868.438484848485,2020,Winter,Jun–Aug 2020,66
1240,6835.644545454546,2020,Winter,Jun–Aug 2020,66
1245,6854.838484848486,2020,Winter,Jun–Aug 2020,66
1250,6812.317727272727,2020,Winter,Jun–Aug 2020,66
1255,6745.3398484848485,2020,Winter,Jun–Aug 2020,66
1260,6704.107424242425,2020,Winter,Jun–Aug 2020,66
1265,6674.823333333333,2020,Winter,Jun–Aug 2020,66
1270,6666.327878787879,2020,Winter,Jun–Aug 2020,66
1275,6656.358484848484,2020,Winter,Jun–Aug 2020,66
1280,6613.830606060606,2020,Winter,Jun–Aug 2020,66
1285,6557.778939393939,2020,Winter,Jun–Aug 2020,66
1290,6502.659848484848,2020,Winter,Jun–Aug 2020,66
1295,6512.365151515151,2020,Winter,Jun–Aug 2020,66
1300,6480.2207575757575,2020,Winter,Jun–Aug 2020,66
1305,6416.203484848485,2020,Winter,Jun–Aug 2020,66
1310,6382.475303030303,2020,Winter,Jun–Aug 2020,66
1315,6334.096666666666,2020,Winter,Jun–Aug 2020,66
1320,6291.445757575757,2020,Winter,Jun–Aug 2020,66
1325,6318.897727272727,2020,Winter,Jun–Aug 2020,66
1330,6319.006212121211,2020,Winter,Jun–Aug 2020,66
1335,6267.765909090909,2020,Winter,Jun–Aug 2020,66
1340,6245.622121212121,2020,Winter,Jun–Aug 2020,66
1345,6220.110606060606,2020,Winter,Jun–Aug 2020,66
1350,6202.080757575758,2020,Winter,Jun–Aug 2020,66
1355,6192.88803030303,2020,Winter,Jun–Aug 2020,66
1360,6171.72196969697,2020,Winter,Jun–Aug 2020,66
1365,6133.814848484849,2020,Winter,Jun–Aug 2020,66
1370,6084.60303030303,2020,Winter,Jun–Aug 2020,66
1375,6024.484696969696,2020,Winter,Jun–Aug 2020,66
1380,5975.389999999999,2020,Winter,Jun–Aug 2020,66
1385,5950.332575757576,2020,Winter,Jun–Aug 2020,66
1390,5925.048333333333,2020,Winter,Jun–Aug 2020,66
1395,5905.651363636363,2020,Winter,Jun–Aug 2020,66
1400,5862.8159090909085,2020,Winter,Jun–Aug 2020,66
1405,5821.925606060607,2020,Winter,Jun–Aug 2020,66
1410,5784.13590909091,2020,Winter,Jun–Aug 2020,66
1415,5749.570909090909,2020,Winter,Jun–Aug 2020,66
1420,5712.195757575757,2020,Winter,Jun–Aug 2020,66
1425,5666.20196969697,2020,Winter,Jun–Aug 2020,66
1430,5622.175,2020,Winter,Jun–Aug 2020,66
1435,5579.538333333334,2020,Winter,Jun–Aug 2020,66
